fondo_id,tipo,titolo,file,url,pagina,referenziato,note
allianz-previdenza,nota-informativa,Nota Informativa per i potenziali aderenti - Data edizione 28/09/2026,,https://www.allianz.it/content/dam/onemarketing/azit/allianz-it/le-soluzioni-per-te/previdenza/nota-informativa-allianz-previdenza.pdf,,Sì,Il sito del gestore rifiuta i download automatici (HTTP 403): si scarica dal browser.
allianz-previdenza,nota-informativa,Parte I - Informazioni chiave per l'Aderente - Data edizione 28/09/2026,,https://www.allianz.it/content/dam/onemarketing/azit/allianz-it/le-soluzioni-per-te/previdenza/informazioni-chiave-aderente-allianz-previdenza.pdf,,Sì,Il sito del gestore rifiuta i download automatici (HTTP 403): si scarica dal browser.
allianz-previdenza,scheda-presentazione,"Scheda ""Presentazione"" - Data edizione 28/09/2026",,https://www.allianz.it/content/dam/onemarketing/azit/allianz-it/le-soluzioni-per-te/previdenza/presentazione-allianz-previdenza.pdf,,Sì,Il sito del gestore rifiuta i download automatici (HTTP 403): si scarica dal browser.
allianz-previdenza,scheda-costi,"Scheda ""I costi"" - Data edizione 28/09/2026",,https://www.allianz.it/content/dam/onemarketing/azit/allianz-it/le-soluzioni-per-te/previdenza/costi-allianz-previdenza.pdf,,Sì,Il sito del gestore rifiuta i download automatici (HTTP 403): si scarica dal browser.
allianz-previdenza,opzioni-investimento,"Scheda ""Le opzioni di investimento"" - Data edizione 28/09/2026",,https://www.allianz.it/content/dam/onemarketing/azit/allianz-it/le-soluzioni-per-te/previdenza/opzioni-investimento-allianz-previdenza.pdf,,Sì,Il sito del gestore rifiuta i download automatici (HTTP 403): si scarica dal browser.
allianz-previdenza,soggetti-coinvolti,"Scheda ""Le informazioni sui soggetti coinvolti"" - Data edizione 28/09/2026",,https://www.allianz.it/content/dam/onemarketing/azit/allianz-it/le-soluzioni-per-te/previdenza/informazioni-soggetti-coinvolti-allianz-previdenza.pdf,,Sì,Il sito del gestore rifiuta i download automatici (HTTP 403): si scarica dal browser.
allianz-previdenza,informativa-sostenibilita,Appendice Informativa sulla sostenibilità Allianz Previdenza ediz. 28/09/2026,,https://www.allianz.it/content/dam/onemarketing/azit/allianz-it/le-soluzioni-per-te/previdenza/informativa-sostenibilita-allianz-previdenza.pdf,,Sì,Il sito del gestore rifiuta i download automatici (HTTP 403): si scarica dal browser.
allianz-previdenza,supplemento,Supplemento Nota Informativa per i potenziali aderenti - Data edizione 16/09/2026,,https://www.allianz.it/content/dam/onemarketing/azit/allianz-it/le-soluzioni-per-te/previdenza/supplemento-nota-informativa-allianz-previdenza.pdf,,Sì,Il sito del gestore rifiuta i download automatici (HTTP 403): si scarica dal browser.
allianz-previdenza,regolamento,Regolamento - Data edizione 31/07/2026,,https://www.allianz.it/content/dam/onemarketing/azit/allianz-it/le-soluzioni-per-te/previdenza/regolamento-allianz-previdenza.pdf,,Sì,Il sito del gestore rifiuta i download automatici (HTTP 403): si scarica dal browser.
allianz-previdenza,documento-rendite,Documento sulle rendite - Data edizione 31/07/2026,,https://www.allianz.it/content/dam/onemarketing/azit/allianz-it/le-soluzioni-per-te/previdenza/documento-rendite-allianz-previdenza.pdf,,Sì,Il sito del gestore rifiuta i download automatici (HTTP 403): si scarica dal browser.
allianz-previdenza,documento-regime-fiscale,Documento sul Regime Fiscale - Data edizione 31/07/2026,,https://www.allianz.it/content/dam/onemarketing/azit/allianz-it/le-soluzioni-per-te/previdenza/documento-regime-fiscale-allianz-previdenza.pdf,,Sì,Il sito del gestore rifiuta i download automatici (HTTP 403): si scarica dal browser.
allianz-previdenza,documento-politica-investimento,Documento sulla politica di investimento - Data edizione 12/12/2024,,https://www.allianz.it/content/dam/onemarketing/azit/allianz-it/le-soluzioni-per-te/previdenza/documento-politica-investimento-allianz-previdenza.pdf,,Sì,Il sito del gestore rifiuta i download automatici (HTTP 403): si scarica dal browser.
allianz-previdenza,documento-sistema-governo,Documento sul sistema di governo - Data edizione 19/03/2026,,https://www.allianz.it/content/dam/onemarketing/azit/allianz-it/le-soluzioni-per-te/previdenza/documento-governo-societario-allianz-previdenza-insieme.pdf,,Sì,Il sito del gestore rifiuta i download automatici (HTTP 403): si scarica dal browser.
allianz-previdenza,rendiconto,Effetti della Legge di Bilancio 2026 (ed. 07/2026),,https://www.allianz.it/content/dam/onemarketing/azit/allianz-it/le-soluzioni-per-te/previdenza/effetti-legge-bilancio-2026.pdf,,Sì,Il sito del gestore rifiuta i download automatici (HTTP 403): si scarica dal browser.
allianz-previdenza,modulo-adesione,Modulo di adesione fac-simile - Data edizione 31/03/2025,,https://www.allianz.it/content/dam/onemarketing/azit/allianz-it/le-soluzioni-per-te/previdenza/fac-simile-modulo-adesione-allianz-previdenza.pdf,,Sì,Il sito del gestore rifiuta i download automatici (HTTP 403): si scarica dal browser.
allianz-previdenza,metodologia-proiezioni,Metodologia e ipotesi utilizzate per il calcolo delle proiezioni pensionistiche - Data edizione 31/05/2021,,https://www.allianz.it/content/dam/onemarketing/azit/allianz-it/le-soluzioni-per-te/previdenza/metodologia-ipotesi-calcolo-proiezioni-pensionistiche.pdf,,Sì,Il sito del gestore rifiuta i download automatici (HTTP 403): si scarica dal browser.
allianz-previdenza,altro,Informazioni in materia di trasparenza della politica di impegno e degli elementi della strategia di investimento azionario - Data edizione 28/02/2021,,https://www.allianz.it/content/dam/onemarketing/azit/allianz-it/chi-siamo/governance/AZ_Informativa_SRD_II_con_FPA_02-2021.pdf,,Sì,Il sito del gestore rifiuta i download automatici (HTTP 403): si scarica dal browser.
previdenza-per-te,nota-informativa,Previdenza per Te - Nota informativa completa,nota-informativa.pdf,https://www.axa-mps.it/c/document_library/get_file?uuid=afa18a4c-503b-1971-497f-fedafe51b04b&groupId=715633,,Sì,
previdenza-per-te,scheda-presentazione,Previdenza per Te - Nota Informativa Parte I - Presentazione,scheda-presentazione.pdf,https://www.axa-mps.it/c/document_library/get_file?uuid=5409f0c4-38e0-f630-777a-9dd8d2a2b5e0&groupId=715633,,Sì,
previdenza-per-te,scheda-costi,Previdenza per Te - Nota informativa Parte I - Costi,scheda-costi.pdf,https://www.axa-mps.it/c/document_library/get_file?uuid=dc15cfda-948d-6115-5cf4-348e2262781f&groupId=715633,,Sì,
previdenza-per-te,opzioni-investimento,Previdenza per Te - Nota informativa parte II - Le opzioni di investimento,opzioni-investimento.pdf,https://www.axa-mps.it/c/document_library/get_file?uuid=ebe204a6-0291-7049-c19f-06d8f3bc992e&groupId=715633,,Sì,
previdenza-per-te,soggetti-coinvolti,Previdenza per Te - Nota informativa parte II - Soggetti coinvolti,soggetti-coinvolti.pdf,https://www.axa-mps.it/c/document_library/get_file?uuid=d7d68f74-0166-53e8-3bcf-f5822e0b3f7d&groupId=715633,,Sì,
previdenza-per-te,informativa-sostenibilita,Previdenza per Te - Appendice di sostenibilità,informativa-sostenibilita.pdf,https://www.axa-mps.it/c/document_library/get_file?uuid=584d8d1a-7a14-3443-146a-d6c9cd9614e8&groupId=715633,,Sì,
previdenza-per-te,supplemento,Previdenza per Te - Supplemento alla Nota informativa,supplemento.pdf,https://www.axa-mps.it/c/document_library/get_file?uuid=fc9e9e0a-4b04-441b-19ee-c5751eff9f49&groupId=715633,,Sì,
previdenza-per-te,regolamento,Previdenza per Te - Regolamento,regolamento.pdf,https://www.axa-mps.it/c/document_library/get_file?uuid=4795b452-141e-9ed4-09db-90d60d07127a&groupId=715633,,Sì,
previdenza-per-te,documento-rendite,Previdenza per Te - Documento sull'erogazione delle rendite.pdf,documento-rendite.pdf,https://www.axa-mps.it/c/document_library/get_file?uuid=d7b321fd-ca25-0cbc-9f2e-26bd822cb08f&groupId=715633,,Sì,
previdenza-per-te,documento-anticipazioni,Previdenza per Te - Documento sulle anticipazioni.pdf,documento-anticipazioni.pdf,https://www.axa-mps.it/c/document_library/get_file?uuid=22fa851f-3c79-46ae-f0bf-1d524dfe97b3&groupId=715633,,Sì,
previdenza-per-te,documento-regime-fiscale,Previdenza per Te - Documento regime fiscale,documento-regime-fiscale.pdf,https://www.axa-mps.it/c/document_library/get_file?uuid=8ec3ea74-9e41-8b9e-b7c4-14408c1ab7c7&groupId=715633,,Sì,
previdenza-per-te,documento-politica-investimento,Previdenza per Te - Documento sulla politica di investimento.pdf,documento-politica-investimento.pdf,https://www.axa-mps.it/c/document_library/get_file?uuid=816eb0da-05f8-29e1-7557-693b460e3047&groupId=715633,,Sì,
previdenza-per-te,documento-sistema-governo,Documento sul Sistema di Governo afferente alla gestione dei Fondi Pensione Aperti di AXA MPS Vita.pdf,documento-sistema-governo.pdf,https://www.axa-mps.it/c/document_library/get_file?uuid=b84122de-7854-b84c-0890-245ec629cfc7&groupId=715633,,Sì,
previdenza-per-te,documento-sistema-governo,Documento sul Sistema di Governo afferente alla gestione di FPA Previdenza per Te 2023,documento-sistema-governo-2.pdf,https://www.axa-mps.it/c/document_library/get_file?uuid=7e52eaa2-8b58-c24c-c975-e60291a311dc&groupId=715633,,Sì,
previdenza-per-te,rendiconto,Previdenza per Te - Rendiconto 2025,rendiconto.pdf,https://www.axa-mps.it/c/document_library/get_file?uuid=e1e74ffa-682d-3c2f-8aa3-46137ecec19c&groupId=715633,,Sì,
previdenza-per-te,modulo-adesione,Previdenza per Te - Modulo adesione,modulo-adesione.pdf,https://www.axa-mps.it/c/document_library/get_file?uuid=ec796412-62a8-d62a-0c19-dbd9ffbcd9de&groupId=715633,,Sì,
previdenza-per-te,metodologia-proiezioni,Metodologia e ipotesi per prestazioni pensionistiche standardizzate.pdf,metodologia-proiezioni.pdf,https://www.axa-mps.it/c/document_library/get_file?uuid=064500d4-86d1-7fff-07bf-b5e3ee35f8cf&groupId=715633,,Sì,
previdenza-per-te,altro,Previdenza per Te - Le prestazioni pensionistiche,altro.pdf,https://www.axa-mps.it/c/document_library/get_file?uuid=bf54bce9-39bb-2da9-5dc7-fb660d69e13b&groupId=715633,,Sì,
previdenza-per-te,altro,Informativa su nuove prestazioni pensionistiche AXA MPS,altro-2.pdf,https://www.axa-mps.it/c/document_library/get_file?uuid=d0170087-0f8e-d74b-2bde-94744cb9bf4f&groupId=715633,,Sì,
previdenza-per-te,altro,AXA MPS Vita - Politica di impegno.pdf,altro-3.pdf,https://www.axa-mps.it/c/document_library/get_file?uuid=e51c74c2-4da7-60bb-9604-6a155ac8ef4d&groupId=715633,,Sì,
previdenza-per-te,altro,Previdenza Per Te - Attuazione Politica di impegno.pdf,altro-4.pdf,https://www.axa-mps.it/c/document_library/get_file?uuid=8c1edbdb-e4fd-150a-ce9e-2bcffc646bf8&groupId=715633,,Sì,
almeglio-alleanza,nota-informativa,Nota Informativa: Parte II - Le informazioni integrative,nota-informativa.pdf,https://cdn.alleanza.it/-/media/alleanza/assets/prodotti/almeglio/almeglio_nota-informativa-parte-ii-le-informazioni-integrative.pdf?la=it-it&rev=18eb80bc5dc24888928f08ddc178819b&hash=47A53FBBCAE87E794551DF3E5387A40D,,Sì,
almeglio-alleanza,scheda-costi,Scheda ‘I costi’ di AlMeglio – Piano individuale pensionistico di tipo assicurativo – Fondo pensione,scheda-costi.pdf,https://cdn.alleanza.it/-/media/alleanza/assets/prodotti/almeglio/almeglio_scheda_i-costi_31052021.pdf?la=it-it&rev=41296667190143bb875cee3a70c7c9c4&hash=88352FD34FC2863DEB3C49F498476A9D,,Sì,
almeglio-alleanza,regolamento,Regolamento,regolamento.pdf,https://cdn.alleanza.it/-/media/alleanza/assets/prodotti/almeglio/regolamento.pdf?la=it-it&rev=49f1ba16a624496cbaeaf6a28d071d88&hash=36A8EE33EF446A419723349FF5A10B35,,Sì,
almeglio-alleanza,documento-rendite,Documento sulle rendite,documento-rendite.pdf,https://cdn.alleanza.it/-/media/alleanza/assets/documenti/live0030_documento-sulle-rendite-almeglio_pdf.pdf?la=it-it&rev=8c45d056ed794871be7d72b53bf381c4&hash=59E6143CD3B27D0566DBF04ACACD6BF9,,Sì,
almeglio-alleanza,documento-anticipazioni,Documento sulle anticipazioni,documento-anticipazioni.pdf,https://cdn.alleanza.it/-/media/alleanza/assets/documenti/live0028_documento-sulle-anticipazioni-almeglio_pdf.pdf?la=it-it&rev=5b8aeb3fbb1c4068baf76353acb67d83&hash=54FEF7CAD2187C8AC6BAC7D269BA89C4,,Sì,
almeglio-alleanza,documento-regime-fiscale,Documento sul regime fiscale,documento-regime-fiscale.pdf,https://cdn.alleanza.it/-/media/alleanza/assets/documenti/live0029_documento-sul-regime-fiscale-almeglio_pdf.pdf?la=it-it&rev=9479e8aaceb64cca833e9798d4a9cb2c&hash=DD474CB2B9631E1094F5C95504C45CB9,,Sì,
almeglio-alleanza,documento-politica-investimento,Documento sulla politica di investimento,documento-politica-investimento.pdf,https://cdn.alleanza.it/-/media/alleanza/assets/documenti/documento-politiche-investimento-almeglio.pdf?la=it-it&rev=790d553a836d4483b0c5a0a8a3f005a9&hash=6BA3307C384CCA3B4D53342F2F61DCF6,,Sì,
almeglio-alleanza,documento-sistema-governo,Documento sistema di governo,documento-sistema-governo.pdf,https://cdn.alleanza.it/-/media/alleanza/assets/prodotti/almeglio/almeglio_documento-sul-sistema-di-governo-societario.pdf?la=it-it&rev=418fda8896bd4727b88f8ebec3d2c6b0&hash=2DCFFACCD025AB4E23FD64CD82239EBE,,Sì,
almeglio-alleanza,rendiconto,Rendiconto,rendiconto.pdf,https://cdn.alleanza.it/-/media/alleanza/assets/documenti/rendiconto-almeglio.pdf?la=it-it&rev=5272e4de0ed74b80aee677db869df2e2&hash=166966577D5CB024CFC1EAE724620858,,Sì,
almeglio-alleanza,metodologia-proiezioni,Informazioni sulla metodologia utilizzata per l’elaborazione delle prestazioni pensionistiche,metodologia-proiezioni.pdf,https://cdn.alleanza.it/-/media/alleanza/assets/prodotti/almeglio/nota-metodologica-proiezioni-covip-31-maggio-2021.pdf?la=it-it&rev=54e75cb6c5194028baf989f83d787f0a&hash=90D9BCC359BA3E8A596413C941692094,,Sì,
almeglio-alleanza,altro,Informativa Strategia di investimento azionario ed accordi con Gestori di Attivi,altro.pdf,https://cdn.alleanza.it/-/media/alleanza/assets/prodotti/documenti/informativa-strategia-di-investimento-azionario-ed-accordi-con-gestori-a.pdf?la=it-it&rev=e7a213e0649e41be85aa928bfc3c866c&hash=048C26D864A7AE3C950799456EC8A5C3,,Sì,
fondo-pensione-fideuram,nota-fondo,"La pagina informativa del fondo pubblica solo una brochure promozionale: Nota informativa, Regolamento e gli altri documenti non sono sul sito pubblico di Fideuram (il fondo si sottoscrive tramite Private Banker).",,,,,
generali-global,nota-informativa,Generali Global Nota Informativa Versione Integrale,nota-informativa.pdf,https://www.generali.it/cmsassets/site/2b4f65f4-f2ad-485f-8f1a-abc9baed2b1d/2026-07_FPA_GG_Nota_Informativa_WEB.pdf,,Sì,
generali-global,scheda-presentazione,Gg Ni Parte I Le Informazioni Chiave Per L Aderente Scheda Presentazione,scheda-presentazione.pdf,https://www.generali.it/cmsassets/site/4e7ddb2f-c3e9-445d-a9e8-a27ea0fa8c25/2026-07_FPA_GG_NI_Parte_1-1_Presentazione.pdf,,Sì,
generali-global,scheda-costi,Gg Ni Parte I Le Informazioni Chiave Per L Aderente Scheda I Costi A,scheda-costi.pdf,https://www.generali.it/cmsassets/site/1f010c33-f093-4c9f-b7f0-e8d81792bef3/2026-07_FPA_GG_NI_Parte_1-2_CostiA.pdf,,Sì,
generali-global,scheda-costi,Gg Ni Parte I Le Informazioni Chiave Per L Aderente Scheda I Costi B,scheda-costi-2.pdf,https://www.generali.it/cmsassets/site/e2f04f19-99a8-4375-bb99-6a2bbd0bc210/2026-07_FPA_GG_NI_Parte_1-3_CostiB.pdf,,Sì,
generali-global,scheda-costi,Gg Ni Parte I Le Informazioni Chiave Per L Aderente Scheda I Costi C,scheda-costi-3.pdf,https://www.generali.it/cmsassets/site/097b0264-6580-4bb1-92aa-735ebb2a4f9a/2026-07_FPA_GG_NI_Parte_1-4_CostiC.pdf,,Sì,
generali-global,scheda-costi,Gg Ni Parte I Le Informazioni Chiave Per L Aderente Scheda I Costi D,scheda-costi-4.pdf,https://www.generali.it/cmsassets/site/cedf4f42-22a7-44cb-a1cd-1f5b51347c40/2026-07_FPA_GG_NI_Parte_1-5_CostiD.pdf,,Sì,
generali-global,scheda-costi,Scheda i costi (versione per raffronto),scheda-costi-5.pdf,https://www.generali.it/cmsassets/site/45b95744-2d89-4a51-931f-556328e4cded/2026-07_FPA_GG_NI_Scheda_Costi.pdf,,Sì,
generali-global,opzioni-investimento,"Nota Informativa Parte II - Scheda ""Le opzioni di investimento""",opzioni-investimento.pdf,https://www.generali.it/cmsassets/site/ea97d597-9530-443f-9b44-ba0fa2904871/2026-07_FPA_GG_NI_Parte_2-1_OpzInv.pdf,,Sì,
generali-global,soggetti-coinvolti,"Nota Informativa Parte II - Scheda ""Le informazioni sui soggetti coinvolti""",soggetti-coinvolti.pdf,https://www.generali.it/cmsassets/site/a4d1a458-18fe-4763-a15c-b1dbf8b6c392/2026-07_FPA_GG_NI_Parte_2-2_Soggetti.pdf,,Sì,
generali-global,informativa-sostenibilita,Nota informativa - Appendice 'Informativa sulla sostenibilità',informativa-sostenibilita.pdf,https://www.generali.it/cmsassets/site/7adc6acc-3d61-4c77-a689-20f13f11e2b6/2026-07_FPA_GG_NI_Parte_3-1_AppSost.pdf,,Sì,
generali-global,supplemento,Nota Informativa – Supplemento,supplemento.pdf,https://www.generali.it/cmsassets/site/faf78674-3c33-4b7a-9cc7-7bb071db2a6d/2026-07_FPA_GG_NI_Supplemento_v2.pdf,,Sì,
generali-global,regolamento,Generali Global Regolamento,regolamento.pdf,https://www.generali.it/cmsassets/site/702ec322-aafd-4a1b-9b52-415a3204a252/FPA_Generali_Global_Regolamento_2026-07.pdf,,Sì,
generali-global,documento-rendite,Generali Global Documento Sulle Rendite,documento-rendite.pdf,https://www.generali.it/cmsassets/site/d1dfb33f-f1fe-4d14-b823-b36b16f7cacc/FPA_GG_Documento_sulle_rendite_2026-07.pdf,,Sì,
generali-global,documento-anticipazioni,Generali Global Documento Sulle Anticipazioni,documento-anticipazioni.pdf,https://www.generali.it/cmsassets/site/f2aed41f-1bd5-4307-9055-ae037462eec6/Generali_Global_Documento_sulle_Anticipazioni.pdf,,Sì,
generali-global,documento-regime-fiscale,Generali Global Documento Sul Regime Fiscale,documento-regime-fiscale.pdf,https://www.generali.it/cmsassets/site/f9941df8-f660-49bc-bcca-9439ffebe5ec/FPA_GG_Documento_regime_fiscale_2026-07.pdf,,Sì,
generali-global,documento-politica-investimento,Doc. sulla politica di investimento,documento-politica-investimento.pdf,https://www.generali.it/cmsassets/site/931ceab1-3811-465f-825f-466cd69b5a29/Generali_Global_Documento_sulla_politica_di_investimento.pdf,,Sì,
generali-global,documento-sistema-governo,Generali Global Documento Sul Sistema Di Governo,documento-sistema-governo.pdf,https://www.generali.it/cmsassets/site/2788c42b-c08c-47bf-8feb-b88972f5f9b5/Generali_Global_Documento_sul_sistema_di_governo.pdf,,Sì,
generali-global,rendiconto,Generali Global Rendiconto,rendiconto.pdf,https://www.generali.it/cmsassets/site/abe497c7-8548-4ebc-b311-b0b47b7d0dc4/Generali_Global_Rendiconto.pdf,,Sì,
generali-global,modulo-adesione,Modulo di adesione,modulo-adesione.pdf,https://www.generali.it/cmsassets/site/f769ae8e-00ad-4000-a79f-4b9698e27b61/FPA_GG_Modulo_adesione_010_FACSIMILE.pdf,,Sì,
generali-global,metodologia-proiezioni,Metodologia Fpa,metodologia-proiezioni.pdf,https://www.generali.it/cmsassets/site/778eb8aa-b8a4-42b2-abae-7b93430f402e/Metodologia_FPA.pdf,,Sì,
generali-global,altro,Generali Global Disposizioni in Materia Di Organismo Di Rappresentanza,altro.pdf,https://www.generali.it/cmsassets/site/ee4e8214-c6f7-4651-a894-e0476f0520bf/Generali_Global_Disposizioni_in_materia_di_Organismo_di_Rappresentanza.pdf,,Sì,
generali-global,altro,FAQ Fondo Pensione,altro-2.pdf,https://www.generali.it/cmsassets/site/96edd561-a9d8-4c09-8b97-26488ddc5430/Generali_Global_FAQ_Fondo_Pensione.pdf,,Sì,
generali-global,altro,Informativa strategia di investimento azionario ed accordi con gestori di attivi,altro-3.pdf,https://www.generali.it/cmsassets/site/b3f43d1b-ce78-43ae-90d3-d155b0e0a5fd/Equity_Investment_Strategy_and_Agreements_with_Asset_Managers_(1).pdf,,Sì,
previdsystem,nota-informativa,Nota Informativa (versione integrale),nota-informativa.pdf,https://www.intesasanpaoloassicurazioni.com/bin/openAssetInline?path=/content/dam/isp_assicurazioni/products/regolamento-e-nota-informativa/001/PrevidSystem_NotaInformativa_03_2026_UA.pdf,,Sì,
previdsystem,supplemento,Supplemento alla Nota Informativa,supplemento.pdf,https://www.intesasanpaoloassicurazioni.com/bin/openAssetInline?path=/content/dam/isp_assicurazioni/products/regolamento-e-nota-informativa/001/PS_Supplemento_NI_07_2026.pdf,,Sì,
previdsystem,regolamento,Regolamento,regolamento.pdf,https://www.intesasanpaoloassicurazioni.com/bin/openAssetInline?path=/content/dam/isp_assicurazioni/products/regolamento-e-nota-informativa/001/PS_Regolamento_07_2026.pdf,,Sì,
previdsystem,documento-rendite,Documento sulle rendite,documento-rendite.pdf,https://www.intesasanpaoloassicurazioni.com/bin/openAssetInline?path=/content/dam/isp_assicurazioni/products/regolamento-e-nota-informativa/001/PS_Documento%20sulle%20rendite_06_2026.pdf,,Sì,
previdsystem,documento-anticipazioni,Documento sulle anticipazioni,documento-anticipazioni.pdf,https://www.intesasanpaoloassicurazioni.com/bin/openAssetInline?path=/content/dam/isp_assicurazioni/products/regolamento-e-nota-informativa/001/Documento%20sulle%20anticipazioni_12_2024_UA.pdf,,Sì,
previdsystem,documento-regime-fiscale,Documento sul regime fiscale,documento-regime-fiscale.pdf,https://www.intesasanpaoloassicurazioni.com/bin/openAssetInline?path=/content/dam/isp_assicurazioni/products/regolamento-e-nota-informativa/Documento_regime_fiscale_07_2026.pdf,,Sì,
previdsystem,documento-politica-investimento,Politica di Investimento,documento-politica-investimento.pdf,https://www.intesasanpaoloassicurazioni.com/bin/openAssetInline?path=/content/dam/isp_assicurazioni/products/altro/001/PREVIDSYSTEM.pdf,,Sì,
previdsystem,documento-sistema-governo,Documento sul sistema di governo societario,documento-sistema-governo.pdf,https://www.intesasanpaoloassicurazioni.com/bin/openAssetInline?path=/content/dam/isp_assicurazioni/products/altro/001/ISPA_PGG005%202026%20Direttive%20Governo%20Societario_acc%202.pdf,,Sì,
previdsystem,metodologia-proiezioni,Disposizioni sulle proiezioni pensionistiche,metodologia-proiezioni.pdf,https://www.intesasanpaoloassicurazioni.com/bin/openAssetInline?path=/content/dam/isp_assicurazioni/products/altro/001/Documento%20sulle%20proiezioni%20pensionistiche_03_2026_UA.pdf,,Sì,
previdsystem,altro,Politica di impegno e accordi con i gestori di attivi,altro.pdf,https://www.intesasanpaoloassicurazioni.com/bin/openAssetInline?path=/content/dam/isp_assicurazioni/products/politica-di-impegno/001/Politica%20di%20impegno%20e%20accordi%20con%20i%20gestori%20di%20attivi.pdf,,Sì,
teseo,nota-informativa,Nota Informativa (versione integrale) - Teseo - 2026-07,,,https://www.realemutua.it/fondo-pensione-teseo,Sì,"Aperto dalla pagina con JavaScript, senza link diretto."
teseo,scheda-presentazione,Nota Informativa Parte I Scheda Presentazione - Teseo - 2026-07,,,https://www.realemutua.it/fondo-pensione-teseo,Sì,"Aperto dalla pagina con JavaScript, senza link diretto."
teseo,scheda-costi,Nota Informativa Parte I Scheda 'I Costi' - Teseo - 2026-07,,,https://www.realemutua.it/fondo-pensione-teseo,Sì,"Aperto dalla pagina con JavaScript, senza link diretto."
teseo,scheda-costi,Scheda Costi Collettivita_classe 1 finoa 499U - 2026-07,,,https://www.realemutua.it/fondo-pensione-teseo,Sì,"Aperto dalla pagina con JavaScript, senza link diretto."
teseo,scheda-costi,Scheda Costi Collettivita_classe 2 da 500U - 2026-07,,,https://www.realemutua.it/fondo-pensione-teseo,Sì,"Aperto dalla pagina con JavaScript, senza link diretto."
teseo,opzioni-investimento,Nota Informativa Parte II Scheda Le opzioni di investimento - Teseo - 2026-07,,,https://www.realemutua.it/fondo-pensione-teseo,Sì,"Aperto dalla pagina con JavaScript, senza link diretto."
teseo,soggetti-coinvolti,Nota Informativa Parte II Le informazioni sui soggetti coinvolti - Teseo - 2026-07,,,https://www.realemutua.it/fondo-pensione-teseo,Sì,"Aperto dalla pagina con JavaScript, senza link diretto."
teseo,informativa-sostenibilita,"Informazioni sulla Circolare COVID n. 5910 in tema di ""adempimenti in materia di informativa sulla sostenibilità nel settore dei servizi finanziari""",informativa-sostenibilita.pdf,https://www.fondoteseo.com/areapubblica/documenti/Circolare_Covip_n_5910.pdf,https://www.fondoteseo.com/areapubblica/,No,
teseo,informativa-sostenibilita,Nota Informativa Appendice informativa sulla sostenibilita - Teseo - 2026-07,,,https://www.realemutua.it/fondo-pensione-teseo,Sì,"Aperto dalla pagina con JavaScript, senza link diretto."
teseo,supplemento,Supplemento Nota informativa TESEO_2026_07,,,https://www.realemutua.it/fondo-pensione-teseo,Sì,"Aperto dalla pagina con JavaScript, senza link diretto."
teseo,regolamento,Regolamento - Teseo - 2026-07,,,https://www.realemutua.it/fondo-pensione-teseo,Sì,"Aperto dalla pagina con JavaScript, senza link diretto."
teseo,documento-rendite,Documento sulle rendite_Teseo_07_2026,,,https://www.realemutua.it/fondo-pensione-teseo,Sì,"Aperto dalla pagina con JavaScript, senza link diretto."
teseo,documento-anticipazioni,Documento sulle Anticipazioni - Teseo - 2026-03,,,https://www.realemutua.it/fondo-pensione-teseo,Sì,"Aperto dalla pagina con JavaScript, senza link diretto."
teseo,documento-regime-fiscale,Teseo_Documento sul regime fiscale_07_2026,,,https://www.realemutua.it/fondo-pensione-teseo,Sì,"Aperto dalla pagina con JavaScript, senza link diretto."
teseo,documento-politica-investimento,Politica di investimento del Fondo Pensione Teseo_Ed 2024,,,https://www.realemutua.it/fondo-pensione-teseo,Sì,"Aperto dalla pagina con JavaScript, senza link diretto."
teseo,documento-sistema-governo,Politica di governo FPA TESEO_2026_03_24 1,,,https://www.realemutua.it/fondo-pensione-teseo,Sì,"Aperto dalla pagina con JavaScript, senza link diretto."
teseo,rendiconto,Rendiconto FPA TESEO 2025,,,https://www.realemutua.it/fondo-pensione-teseo,Sì,"Aperto dalla pagina con JavaScript, senza link diretto."
teseo,modulo-adesione,Idoneità del Fondo Pensione Teseo alle adesioni automatiche,modulo-adesione.pdf,https://www.fondoteseo.com/areapubblica/documenti/Informativa_su_idoneita_per_adesioni_automatiche.pdf,https://www.fondoteseo.com/areapubblica/,No,
teseo,modulo-adesione,Modulo di Adesione Teseo_03_2026,,,https://www.realemutua.it/fondo-pensione-teseo,Sì,"Aperto dalla pagina con JavaScript, senza link diretto."
teseo,altro,Nuove modalità di erogazione delle prestazioni pensionistiche,altro.pdf,https://www.fondoteseo.com/areapubblica/documenti/Informativa_nuove_prestazioni_TESEO.pdf,https://www.fondoteseo.com/areapubblica/,No,
teseo,altro,NOVITA TESEO_LUGLIO 2026,,,https://www.realemutua.it/fondo-pensione-teseo,Sì,"Aperto dalla pagina con JavaScript, senza link diretto."
teseo,altro,NOVITA TESEO_MARZO 2026,,,https://www.realemutua.it/fondo-pensione-teseo,Sì,"Aperto dalla pagina con JavaScript, senza link diretto."
teseo,altro,Politica di impegno Teseo,,,https://www.realemutua.it/fondo-pensione-teseo,Sì,"Aperto dalla pagina con JavaScript, senza link diretto."
teseo,altro,Strategia di investimento degli investitori istituzionali e accordi con i gestori di attivi,,,https://www.realemutua.it/fondo-pensione-teseo,Sì,"Aperto dalla pagina con JavaScript, senza link diretto."
teseo,nota-fondo,"La pagina di Reale Mutua elenca 24 documenti, ma li apre con un comando JavaScript senza link diretto: si scaricano solo dal browser. Qui ci sono solo i documenti pubblicati con un link (anche sull'area pubblica fondoteseo.com).",,,,,
destinazione-futuro-credemvita,nota-informativa,Nota informativa - in vigore dal 31/07/2026,nota-informativa.pdf,https://www.credemvita.it/content/dam/credemvita/documenti/prodotti/doppi/in-collocamento/previdenza/destinazione-futuro---fondo-pensione-aperto-by-credemvita/Nota%20informativa_FPA%20Destinazione%20Futuro_072026.pdf,https://www.credemvita.it/content/credemvita/it/home/persone-e-famiglia/previdenza/destinazione-futuro-fondo-pensione-aperto-by-credemvita.html,No,
destinazione-futuro-credemvita,nota-informativa,Parte II 'Le informazioni integrative',nota-informativa-2.pdf,https://www.credemvita.it/content/dam/credemvita/documenti/prodotti/doppi/in-collocamento/previdenza/destinazione-futuro---fondo-pensione-aperto-by-credemvita/Nota%20Parte%202_FPA%20Destinazione%20Futuro.pdf,https://www.credemvita.it/content/credemvita/it/home/persone-e-famiglia/previdenza/destinazione-futuro-fondo-pensione-aperto-by-credemvita.html,No,
destinazione-futuro-credemvita,scheda-presentazione,Parte I 'Informazioni chiave per l'aderente' - Scheda ‘Presentazione’,scheda-presentazione.pdf,https://www.credemvita.it/content/dam/credemvita/documenti/prodotti/doppi/in-collocamento/previdenza/destinazione-futuro---fondo-pensione-aperto-by-credemvita/Nota%20Parte%201_Presentazione_FPA%20Destinazione%20Futuro.pdf,https://www.credemvita.it/content/credemvita/it/home/persone-e-famiglia/previdenza/destinazione-futuro-fondo-pensione-aperto-by-credemvita.html,No,
destinazione-futuro-credemvita,scheda-costi,Parte I 'Informazioni chiave per l'aderente' - Scheda 'I costi',scheda-costi.pdf,https://www.credemvita.it/content/dam/credemvita/documenti/prodotti/doppi/in-collocamento/previdenza/destinazione-futuro---fondo-pensione-aperto-by-credemvita/Nota%20Parte%201_Scheda%20Costi_FPA%20Destinazione%20Futuro.pdf,https://www.credemvita.it/content/credemvita/it/home/persone-e-famiglia/previdenza/destinazione-futuro-fondo-pensione-aperto-by-credemvita.html,No,
destinazione-futuro-credemvita,informativa-sostenibilita,Informativa sulla sostenibilità,informativa-sostenibilita.pdf,https://www.credemvita.it/content/dam/credemvita/documenti/prodotti/doppi/in-collocamento/previdenza/destinazione-futuro---fondo-pensione-aperto-by-credemvita/Nota%20Appendice_FPA%20Destinazione%20Futuro.pdf,https://www.credemvita.it/content/credemvita/it/home/persone-e-famiglia/previdenza/destinazione-futuro-fondo-pensione-aperto-by-credemvita.html,No,
destinazione-futuro-credemvita,supplemento,Supplemento alla Nota Informativa - 'Le prestazioni pensionistiche',supplemento.pdf,https://www.credemvita.it/content/dam/credemvita/documenti/prodotti/doppi/in-collocamento/previdenza/destinazione-futuro---fondo-pensione-aperto-by-credemvita/Supplemento%20Nota%20informativa_FPA%20Destinazione%20Futuro_072026.pdf,https://www.credemvita.it/content/credemvita/it/home/persone-e-famiglia/previdenza/destinazione-futuro-fondo-pensione-aperto-by-credemvita.html,No,
destinazione-futuro-credemvita,regolamento,Regolamento - in vigore 31/07/2026,regolamento.pdf,https://www.credemvita.it/content/dam/credemvita/documenti/prodotti/doppi/in-collocamento/previdenza/destinazione-futuro---fondo-pensione-aperto-by-credemvita/Destinazione%20Futuro%20FPA_Regolamento_072026.pdf,https://www.credemvita.it/content/credemvita/it/home/persone-e-famiglia/previdenza/destinazione-futuro-fondo-pensione-aperto-by-credemvita.html,No,
destinazione-futuro-credemvita,regolamento,Regolamento Governance “Destinazione Futuro – Fondo Pensione Aperto by Credemvita” - in vigore 01/12/2025,regolamento-2.pdf,https://www.credemvita.it/content/dam/credemvita/documenti/prodotti/doppi/in-collocamento/previdenza/destinazione-futuro---fondo-pensione-aperto-by-credemvita/Regolamento%20Governance%20FPA.pdf,https://www.credemvita.it/content/credemvita/it/home/persone-e-famiglia/previdenza/destinazione-futuro-fondo-pensione-aperto-by-credemvita.html,No,
destinazione-futuro-credemvita,documento-rendite,Documento sulle rendite,documento-rendite.pdf,https://www.credemvita.it/content/dam/credemvita/documenti/prodotti/doppi/in-collocamento/previdenza/destinazione-futuro---fondo-pensione-aperto-by-credemvita/Destinazione%20Futuro%20FPA_%20DOC%20RENDITE_072026.pdf,https://www.credemvita.it/content/credemvita/it/home/persone-e-famiglia/previdenza/destinazione-futuro-fondo-pensione-aperto-by-credemvita.html,No,
destinazione-futuro-credemvita,documento-anticipazioni,Documento sulle anticipazioni,documento-anticipazioni.pdf,https://www.credemvita.it/content/dam/credemvita/documenti/prodotti/doppi/in-collocamento/previdenza/destinazione-futuro---fondo-pensione-aperto-by-credemvita/FPA%20Documento%20sulle%20Anticipazioni_122025_DEF.pdf,https://www.credemvita.it/content/credemvita/it/home/persone-e-famiglia/previdenza/destinazione-futuro-fondo-pensione-aperto-by-credemvita.html,No,
destinazione-futuro-credemvita,documento-regime-fiscale,Documento sul regime fiscale,documento-regime-fiscale.pdf,https://www.credemvita.it/content/dam/credemvita/documenti/prodotti/doppi/in-collocamento/previdenza/destinazione-futuro---fondo-pensione-aperto-by-credemvita/Documento%20sul%20regime%20FPA%20Destinazione%20Futuro_072026.pdf,https://www.credemvita.it/content/credemvita/it/home/persone-e-famiglia/previdenza/destinazione-futuro-fondo-pensione-aperto-by-credemvita.html,No,
destinazione-futuro-credemvita,documento-politica-investimento,Documento sulla politica di investimento,documento-politica-investimento.pdf,https://www.credemvita.it/content/dam/credemvita/documenti/prodotti/doppi/in-collocamento/previdenza/destinazione-futuro---fondo-pensione-aperto-by-credemvita/Documento%20sulla%20Politica%20di%20Investimento%20del%20FPA%20.pdf,https://www.credemvita.it/content/credemvita/it/home/persone-e-famiglia/previdenza/destinazione-futuro-fondo-pensione-aperto-by-credemvita.html,No,
destinazione-futuro-credemvita,rendiconto,Rendiconto anno 2025,rendiconto.pdf,https://www.credemvita.it/content/dam/credemvita/documenti/prodotti/doppi/in-collocamento/previdenza/destinazione-futuro---fondo-pensione-aperto-by-credemvita/CREDEMVITA%20RENDICONTI%20FP%202025..pdf,https://www.credemvita.it/content/credemvita/it/home/persone-e-famiglia/previdenza/destinazione-futuro-fondo-pensione-aperto-by-credemvita.html,No,
destinazione-futuro-credemvita,modulo-adesione,Modulo di adesione,modulo-adesione.pdf,https://www.credemvita.it/content/dam/credemvita/documenti/prodotti/doppi/in-collocamento/previdenza/destinazione-futuro---fondo-pensione-aperto-by-credemvita/Modulo%20di%20Adesione_CRVMO01332XDE0526%20FAC%20SIMILE.pdf,https://www.credemvita.it/content/credemvita/it/home/persone-e-famiglia/previdenza/destinazione-futuro-fondo-pensione-aperto-by-credemvita.html,No,
vittoria-formula-lavoro,nota-fondo,"La pagina informativa indicata (rendimenti) non elenca documenti. I link ai documenti del fondo che si trovano in rete sul sito di Vittoria Assicurazioni (cartella Allegati, Nota informativa del 2021) oggi rispondono con un errore (HTTP 502).",,,,,
arca-previdenza,nota-informativa,Nota Informativa (Versione integrale),,,https://www.arcafondi.it/s/documenti,Sì,"Consegnato dall'applicazione del sito, senza link diretto."
arca-previdenza,scheda-presentazione,Parte I - Informazioni chiave per l'aderente - Presentazione,,,https://www.arcafondi.it/s/documenti,Sì,"Consegnato dall'applicazione del sito, senza link diretto."
arca-previdenza,scheda-costi,Parte I - Informazioni chiave per l'aderente - Scheda costi,,,https://www.arcafondi.it/s/documenti,Sì,"Consegnato dall'applicazione del sito, senza link diretto."
arca-previdenza,scheda-costi,Scheda Collettivita Classe C,,,https://www.arcafondi.it/s/documenti,Sì,"Consegnato dall'applicazione del sito, senza link diretto."
arca-previdenza,opzioni-investimento,Parte II - Informazioni integrative - Le opzioni di investimento,,,https://www.arcafondi.it/s/documenti,Sì,"Consegnato dall'applicazione del sito, senza link diretto."
arca-previdenza,soggetti-coinvolti,Parte II - Informazioni integrative - Soggetti coinvolti,,,https://www.arcafondi.it/s/documenti,Sì,"Consegnato dall'applicazione del sito, senza link diretto."
arca-previdenza,informativa-sostenibilita,Informativa sulla sostenibilità - Fondo Pensione Aperto,,,https://www.arcafondi.it/s/documenti,Sì,"Consegnato dall'applicazione del sito, senza link diretto."
arca-previdenza,informativa-sostenibilita,Informativa sostenibilità Arca Previdenza Rendita Sostenibile,,,https://www.arcafondi.it/s/documenti,Sì,"Consegnato dall'applicazione del sito, senza link diretto."
arca-previdenza,informativa-sostenibilita,Informativa sostenibilità Arca Previdenza Crescita Sostenibile,,,https://www.arcafondi.it/s/documenti,Sì,"Consegnato dall'applicazione del sito, senza link diretto."
arca-previdenza,informativa-sostenibilita,Informativa sostenibilità Arca Previdenza Alta Crescita Sostenibile,,,https://www.arcafondi.it/s/documenti,Sì,"Consegnato dall'applicazione del sito, senza link diretto."
arca-previdenza,regolamento,Regolamento Fondo Pensione Aperto Arca Previdenza,,,https://www.arcafondi.it/s/documenti,Sì,"Consegnato dall'applicazione del sito, senza link diretto."
arca-previdenza,documento-rendite,Allegato n.2 Condizioni e modalità di erogazione delle rendite,,,https://www.arcafondi.it/s/documenti,Sì,"Consegnato dall'applicazione del sito, senza link diretto."
arca-previdenza,documento-anticipazioni,Documento sulle anticipazioni,,,https://www.arcafondi.it/s/documenti,Sì,"Consegnato dall'applicazione del sito, senza link diretto."
arca-previdenza,documento-regime-fiscale,Documento sul regime fiscale,,,https://www.arcafondi.it/s/documenti,Sì,"Consegnato dall'applicazione del sito, senza link diretto."
arca-previdenza,documento-politica-investimento,Documento sulla politica di investimento,,,https://www.arcafondi.it/s/documenti,Sì,"Consegnato dall'applicazione del sito, senza link diretto."
arca-previdenza,documento-sistema-governo,Documento sul sistema di governo societario,,,https://www.arcafondi.it/s/documenti,Sì,"Consegnato dall'applicazione del sito, senza link diretto."
arca-previdenza,rendiconto,Rendiconto annuale,,,https://www.arcafondi.it/s/documenti,Sì,"Consegnato dall'applicazione del sito, senza link diretto."
arca-previdenza,modulo-adesione,Modulo di adesione Individuale ad Arca Previdenza con il versamento del TFR,,,https://www.arcafondi.it/s/documenti,Sì,"Consegnato dall'applicazione del sito, senza link diretto."
arca-previdenza,metodologia-proiezioni,Informazioni sulla metodologia utilizzata per l'elaborazione delle prestazioni pensionistiche,,,https://www.arcafondi.it/s/documenti,Sì,"Consegnato dall'applicazione del sito, senza link diretto."
arca-previdenza,altro,Politica di impegno e elementi della strategia di investimento azionario dei fondi pensione,,,https://www.arcafondi.it/s/documenti,Sì,"Consegnato dall'applicazione del sito, senza link diretto."
arca-previdenza,altro,Allegato n.1 Disposizioni in materia di Responsabile,,,https://www.arcafondi.it/s/documenti,Sì,"Consegnato dall'applicazione del sito, senza link diretto."
arca-previdenza,nota-fondo,"Il sito di Arca Fondi elenca i documenti nella scheda «Documentazione Fondo Pensione» della pagina Documentazione, ma li consegna solo tramite l'applicazione del sito, senza link diretti: si scaricano solo dal browser.",,,,,
unipol-previdenza,scheda-presentazione,"Nota informativa – Scheda ""Presentazione""",scheda-presentazione.pdf,https://www.unipol.it/api/pub/ueba/download/doc/v1/fascicoli/7a94c441-272c-4745-b56b-86730b097295,https://www.unipol.it/fragments/dialogs/aziende/assicurazioni-servizi/previdenza-e-risparmio/fondo-pensione-aperto/documenti-utili,Sì,
unipol-previdenza,scheda-costi,"Scheda "" i costi""",scheda-costi.pdf,https://www.unipol.it/api/pub/ueba/download/doc/v1/fascicoli/1dafcf9e-5552-40d7-8199-721478e55766,https://www.unipol.it/fragments/dialogs/aziende/assicurazioni-servizi/previdenza-e-risparmio/fondo-pensione-aperto/documenti-utili,Sì,
unipol-previdenza,opzioni-investimento,"Nota informativa – Scheda ""Le opzioni di investimento""",opzioni-investimento.pdf,https://www.unipol.it/api/pub/ueba/download/doc/v1/fascicoli/e342e89e-cda3-4a99-ad51-a0c4bb8d3e40,https://www.unipol.it/fragments/dialogs/aziende/assicurazioni-servizi/previdenza-e-risparmio/fondo-pensione-aperto/documenti-utili,Sì,
unipol-previdenza,soggetti-coinvolti,"Nota informativa – Scheda ""Le informazioni sui soggetti coinvolti""",soggetti-coinvolti.pdf,https://www.unipol.it/api/pub/ueba/download/doc/v1/fascicoli/b448ae73-ac43-44dd-8cc2-4d735ba13dda,https://www.unipol.it/fragments/dialogs/aziende/assicurazioni-servizi/previdenza-e-risparmio/fondo-pensione-aperto/documenti-utili,Sì,
unipol-previdenza,informativa-sostenibilita,"Nota informativa – Appendice ""Informativa sulla sostenibilità""",informativa-sostenibilita.pdf,https://www.unipol.it/api/pub/ueba/download/doc/v1/fascicoli/b15bfeda-37f0-4f64-a4f4-7d34e63ba029,https://www.unipol.it/fragments/dialogs/aziende/assicurazioni-servizi/previdenza-e-risparmio/fondo-pensione-aperto/documenti-utili,Sì,
unipol-previdenza,supplemento,Nota Informativa - Supplemento,supplemento.pdf,https://www.unipol.it/api/pub/ueba/download/doc/v1/fascicoli/a856e764-8cdf-4a04-8104-d40a8e7d0102,https://www.unipol.it/fragments/dialogs/aziende/assicurazioni-servizi/previdenza-e-risparmio/fondo-pensione-aperto/documenti-utili,Sì,
unipol-previdenza,regolamento,Informazioni sui prodotti che promuovono caratteristiche ambientali e sociali ai sensi dell'art. 11 del regolamento (UE) 2019/2088 in una nuova fin,regolamento.pdf,https://www.unipol.it/content/dam/unipol/documents/italiano/privati/informazioni-periodiche-sui-prodotti-che-promuovono-caratteristiche-ambientali-o-sociali-ai-sensi-dell.pdf,https://www.unipol.it/fragments/dialogs/aziende/assicurazioni-servizi/previdenza-e-risparmio/fondo-pensione-aperto/informativa-sulla-sostenibilita,Sì,
unipol-previdenza,regolamento,Regolamento del fondo,regolamento-2.pdf,https://www.unipol.it/api/pub/ueba/download/doc/v1/fascicoli/3f80b46d-baa1-482e-a3d8-c57d8e5449a2,https://www.unipol.it/fragments/dialogs/aziende/assicurazioni-servizi/previdenza-e-risparmio/fondo-pensione-aperto/documenti-utili,Sì,
unipol-previdenza,documento-rendite,Documento sull'erogazione delle rendite,documento-rendite.pdf,https://www.unipol.it/api/pub/ueba/download/doc/v1/fascicoli/5d3f4fcc-c3b2-4aa9-93ee-be589cab8e69,https://www.unipol.it/fragments/dialogs/aziende/assicurazioni-servizi/previdenza-e-risparmio/fondo-pensione-aperto/documenti-utili,Sì,
unipol-previdenza,documento-anticipazioni,Documento sulle anticipazioni,documento-anticipazioni.pdf,https://www.unipol.it/api/pub/ueba/download/doc/v1/fascicoli/0e66650a-a6fa-49f3-8be8-c0e796b3bb04,https://www.unipol.it/fragments/dialogs/aziende/assicurazioni-servizi/previdenza-e-risparmio/fondo-pensione-aperto/documenti-utili,Sì,
unipol-previdenza,documento-regime-fiscale,Documento sul regime fiscale,documento-regime-fiscale.pdf,https://www.unipol.it/api/pub/ueba/download/doc/v1/fascicoli/7b19317e-a23b-4783-b8d2-5466b173d112,https://www.unipol.it/fragments/dialogs/aziende/assicurazioni-servizi/previdenza-e-risparmio/fondo-pensione-aperto/documenti-utili,Sì,
unipol-previdenza,documento-politica-investimento,Documento sulla politica di investimento,documento-politica-investimento.pdf,https://www.unipol.it/api/pub/ueba/download/doc/v1/fascicoli/7b4114fd-1f4a-4f96-b7f3-984090d2d205,https://www.unipol.it/fragments/dialogs/aziende/assicurazioni-servizi/previdenza-e-risparmio/fondo-pensione-aperto/documenti-utili,Sì,
unipol-previdenza,documento-sistema-governo,Documento sul sistema di Governo,documento-sistema-governo.pdf,https://www.unipol.it/api/pub/ueba/download/doc/v1/fascicoli/74108fd5-b01a-490d-aea2-2b301954be60,https://www.unipol.it/fragments/dialogs/aziende/assicurazioni-servizi/previdenza-e-risparmio/fondo-pensione-aperto/documenti-utili,Sì,
unipol-previdenza,rendiconto,Rendiconto 2025 del Fondo Pensione Aperto Unipol Previdenza FPA,rendiconto.pdf,https://www.unipol.it/content/dam/unipol/documents/fondi-pensioni-aperti/00-rendiconto-2025-unipol-previdenza-fpa-v-sito.pdf,https://www.unipol.it/fragments/dialogs/aziende/assicurazioni-servizi/previdenza-e-risparmio/fondo-pensione-aperto/documenti-utili,Sì,
unipol-previdenza,modulo-adesione,Fac-simile modulo di adesione,modulo-adesione.pdf,https://www.unipol.it/api/pub/ueba/download/doc/v1/fascicoli/09e1fe37-da21-4fb8-a18c-016f602de015,https://www.unipol.it/fragments/dialogs/aziende/assicurazioni-servizi/previdenza-e-risparmio/fondo-pensione-aperto/documenti-utili,Sì,
unipol-previdenza,metodologia-proiezioni,Metodologie,metodologia-proiezioni.pdf,https://www.unipol.it/api/pub/ueba/download/doc/v1/fascicoli/c2c91f91-10dd-4945-baef-5035c8c682f3,https://www.unipol.it/fragments/dialogs/aziende/assicurazioni-servizi/previdenza-e-risparmio/fondo-pensione-aperto/informativa-sulla-sostenibilita,Sì,
unipol-previdenza,metodologia-proiezioni,Limitazioni delle metodologie e dei dati,metodologia-proiezioni-2.pdf,https://www.unipol.it/api/pub/ueba/download/doc/v1/fascicoli/11d47148-f625-48ac-ad4d-f3b5f60bb226,https://www.unipol.it/fragments/dialogs/aziende/assicurazioni-servizi/previdenza-e-risparmio/fondo-pensione-aperto/informativa-sulla-sostenibilita,Sì,
unipol-previdenza,metodologia-proiezioni,Informazioni sulla metodologia utilizzata per l’elaborazione delle prestazioni pensionistiche,metodologia-proiezioni-3.pdf,https://www.unipol.it/api/pub/ueba/download/doc/v1/fascicoli/0de362c8-7ea8-40d0-ad12-6a17bed38a8f,https://www.unipol.it/fragments/dialogs/aziende/assicurazioni-servizi/previdenza-e-risparmio/fondo-pensione-aperto/documenti-utili,Sì,
unipol-previdenza,altro,Strategia di Investimento,altro.pdf,https://www.unipol.it/api/pub/ueba/download/doc/v1/fascicoli/d8cd9a25-2360-46fc-a82e-19d685e26f6b,https://www.unipol.it/fragments/dialogs/aziende/assicurazioni-servizi/previdenza-e-risparmio/fondo-pensione-aperto/informativa-sulla-sostenibilita,Sì,
unipol-previdenza,altro,Disposizioni in materia di organismo di rappresentanza,altro-2.pdf,https://www.unipol.it/api/pub/ueba/download/doc/v1/fascicoli/5187dbda-90b3-45a4-a100-1405f2d9bf3e,https://www.unipol.it/fragments/dialogs/aziende/assicurazioni-servizi/previdenza-e-risparmio/fondo-pensione-aperto/documenti-utili,Sì,
unipol-previdenza,altro,Informativa Nuove Prestazioni Pensionistiche Unipol Previdenza FPA,altro-3.pdf,https://www.unipol.it/content/dam/unipol/documents/italiano/fondo-pensione-aperto/informativa-fpa-29-06-2026-def.pdf,https://www.unipol.it/fragments/dialogs/aziende/assicurazioni-servizi/previdenza-e-risparmio/fondo-pensione-aperto/documenti-utili,Sì,
vera-vita,nota-informativa,FPA Nota Informativa Parte II Le informazioni integrative,nota-informativa.pdf,https://www.bancobpmvita.it/media/dlm_uploads/FPA-Nota-Informativa-Parte-II-Le-informazioni-integrative.pdf,,Sì,
vera-vita,scheda-costi,FPA 1. Scheda I costi,scheda-costi.pdf,https://www.bancobpmvita.it/media/dlm_uploads/FPA-1.-Scheda-I-costi.pdf,,Sì,
vera-vita,scheda-costi,FPA 2. Scheda I costi fascia A,scheda-costi-2.pdf,https://www.bancobpmvita.it/media/dlm_uploads/FPA-2.-Scheda-I-costi-fascia-A.pdf,,Sì,
vera-vita,scheda-costi,FPA 3. Scheda I costi fascia B,scheda-costi-3.pdf,https://www.bancobpmvita.it/media/dlm_uploads/FPA-3.-Scheda-I-costi-fascia-B.pdf,,Sì,
vera-vita,scheda-costi,FPA 4. Scheda I costi fascia C,scheda-costi-4.pdf,https://www.bancobpmvita.it/media/dlm_uploads/FPA-4.-Scheda-I-costi-fascia-C.pdf,,Sì,
vera-vita,opzioni-investimento,FPA 5. Scheda ‘Le opzioni di investimento,opzioni-investimento.pdf,https://www.bancobpmvita.it/media/dlm_uploads/FPA-5.-Scheda-‘Le-opzioni-di-investimento.pdf,,Sì,
vera-vita,soggetti-coinvolti,FPA 6. Scheda Le informazioni sui soggetti coinvolti,soggetti-coinvolti.pdf,https://www.bancobpmvita.it/media/dlm_uploads/FPA-6.-Scheda-Le-informazioni-sui-soggetti-coinvolti.pdf,,Sì,
vera-vita,supplemento,FPA Vera Vita Supplemento NI Ed. 07.2026,supplemento.pdf,https://www.bancobpmvita.it/media/dlm_uploads/FPA-Vera-Vita-Supplemento-NI_Ed.-07.2026.pdf,,Sì,
vera-vita,regolamento,Regolamento FPA Vera Vita Ed. 07.2026,regolamento.pdf,https://www.bancobpmvita.it/media/dlm_uploads/Regolamento-FPA-Vera-Vita_Ed.-07.2026.pdf,,Sì,
vera-vita,documento-rendite,FPA Doc sulle rendite Ed. 12 2023,documento-rendite.pdf,https://www.bancobpmvita.it/media/dlm_uploads/FPA_-_Doc_sulle_rendite_Ed._12_2023.pdf,,Sì,
vera-vita,documento-anticipazioni,ID 53 Documento sulle anticipazioni,documento-anticipazioni.pdf,https://www.bancobpmvita.it/media/dlm_uploads/ID-53_Documento-sulle-anticipazioni.pdf,,Sì,
vera-vita,documento-regime-fiscale,FPA VV Documento sul regime fiscale Ed.05.2026,documento-regime-fiscale.pdf,https://www.bancobpmvita.it/media/dlm_uploads/FPA-VV_Documento-sul-regime-fiscale_Ed.05.2026.pdf,,Sì,
vera-vita,documento-politica-investimento,ID 54 Documento sulla politica d investimento,documento-politica-investimento.pdf,https://www.bancobpmvita.it/media/dlm_uploads/ID-54_Documento-sulla-politica-d_investimento.pdf,,Sì,
vera-vita,documento-sistema-governo,DOCUMENTO SISTEMA DI GOVERNO SOCIETARIO GESTIONE POST FUSIONE BBPMV 05.2026,documento-sistema-governo.pdf,https://www.bancobpmvita.it/media/dlm_uploads/DOCUMENTO-SISTEMA-DI-GOVERNO-SOCIETARIO-GESTIONE-POST-FUSIONE-BBPMV-05.2026.pdf,,Sì,
vera-vita,rendiconto,ID 57 Fondo Pensione Aperto Vera Vita Rendiconto 2025,rendiconto.pdf,https://www.bancobpmvita.it/media/dlm_uploads/ID-57_Fondo-Pensione-Aperto-Vera-Vita-Rendiconto-2025.pdf,,Sì,
vera-vita,metodologia-proiezioni,FPA VV Metodologia e ipotesi utilizzate per lelaborazione delle prestazioni pensionistiche,metodologia-proiezioni.pdf,https://www.bancobpmvita.it/media/dlm_uploads/FPA-VV-Metodologia-e-ipotesi-utilizzate-per-lelaborazione-delle-prestazioni-pensionistiche.pdf,,Sì,
unicredit,nota-informativa,Nota informativa - Parte II - Le informazioni integrative - edizione 30/03/2026,,https://www.unicreditallianzvita.it/content/dam/onemarketing/crv/unicreditallianzvita-it/le-soluzioni-per-te/archivio-prodotti/previdenza/unicredit-fondo-pensione-aperto/30-03-2026/Nota_informativa_Parte_II_Le_informazioni_integrative_03_2026.pdf,,Sì,Il sito del gestore rifiuta i download automatici (HTTP 403): si scarica dal browser.
unicredit,scheda-costi,Scheda I costi - edizione 30/03/2026,,https://www.unicreditallianzvita.it/content/dam/onemarketing/crv/unicreditallianzvita-it/le-soluzioni-per-te/archivio-prodotti/previdenza/unicredit-fondo-pensione-aperto/30-03-2026/Scheda_I_costi_UNICREDIT_FPA_03_2026.pdf,,Sì,Il sito del gestore rifiuta i download automatici (HTTP 403): si scarica dal browser.
unicredit,opzioni-investimento,Nota informativa - Parte II - Scheda Le opzioni di investimento - edizione 30/03/2026,,https://www.unicreditallianzvita.it/content/dam/onemarketing/crv/unicreditallianzvita-it/le-soluzioni-per-te/archivio-prodotti/previdenza/unicredit-fondo-pensione-aperto/30-03-2026/Nota_informativa_Scheda_Le_opzioni_di_investimento_03_2026.pdf,,Sì,Il sito del gestore rifiuta i download automatici (HTTP 403): si scarica dal browser.
unicredit,soggetti-coinvolti,Nota informativa - Parte II - Scheda Le informazioni sui soggetti coinvolti - edizione 30/03/2026,,https://www.unicreditallianzvita.it/content/dam/onemarketing/crv/unicreditallianzvita-it/le-soluzioni-per-te/archivio-prodotti/previdenza/unicredit-fondo-pensione-aperto/30-03-2026/Nota_informativa_Scheda_Le_informazioni_sui_sog_coinvolti_03_2026.pdf,,Sì,Il sito del gestore rifiuta i download automatici (HTTP 403): si scarica dal browser.
unicredit,informativa-sostenibilita,Nota informativa - Appendice Informativa sostenibilità,,https://www.unicreditallianzvita.it/content/dam/onemarketing/crv/unicreditallianzvita-it/le-soluzioni-per-te/archivio-prodotti/previdenza/unicredit-fondo-pensione-aperto/30-03-2026/Nota_informativa_Appendice_Informativa_sostenibilita_03_2026.pdf,,Sì,Il sito del gestore rifiuta i download automatici (HTTP 403): si scarica dal browser.
unicredit,supplemento,Supplemento alla Nota informativa - edizione 31/07/2026,,https://www.unicreditallianzvita.it/content/dam/onemarketing/crv/unicreditallianzvita-it/le-soluzioni-per-te/archivio-prodotti/previdenza/unicredit-fondo-pensione-aperto/31-07-2026/Supplemento_NI_FPA_31_07_2026_def.pdf,,Sì,Il sito del gestore rifiuta i download automatici (HTTP 403): si scarica dal browser.
unicredit,regolamento,Regolamento - edizione 31/07/2026,,https://www.unicreditallianzvita.it/content/dam/onemarketing/crv/unicreditallianzvita-it/le-soluzioni-per-te/archivio-prodotti/previdenza/unicredit-fondo-pensione-aperto/31-07-2026/UVA_Regolamento_UNICREDIT_FPA_31_07_2026_def.pdf,,Sì,Il sito del gestore rifiuta i download automatici (HTTP 403): si scarica dal browser.
unicredit,documento-rendite,Documento sulle Rendite - edizione 31/07/2026,,https://www.unicreditallianzvita.it/content/dam/onemarketing/crv/unicreditallianzvita-it/le-soluzioni-per-te/archivio-prodotti/previdenza/unicredit-fondo-pensione-aperto/31-07-2026/Documento_sulle_Rendite_FPA_31_07_2026_def.pdf,,Sì,Il sito del gestore rifiuta i download automatici (HTTP 403): si scarica dal browser.
unicredit,documento-anticipazioni,Documento sulle Anticipazioni - edizione 23/06/2025,,https://www.unicreditallianzvita.it/content/dam/onemarketing/crv/unicreditallianzvita-it/le-soluzioni-per-te/archivio-prodotti/previdenza/unicredit-fondo-pensione-aperto/23-06-2025/UniCredit_Anticipazione_06_2025.pdf,,Sì,Il sito del gestore rifiuta i download automatici (HTTP 403): si scarica dal browser.
unicredit,documento-regime-fiscale,Documento sul Regime fiscale - edizione 31/07/2026,,https://www.unicreditallianzvita.it/content/dam/onemarketing/crv/unicreditallianzvita-it/le-soluzioni-per-te/archivio-prodotti/previdenza/unicredit-fondo-pensione-aperto/31-07-2026/Documento_sul_Regime_Fiscale_FPA_31_07_2026_def.pdf,,Sì,Il sito del gestore rifiuta i download automatici (HTTP 403): si scarica dal browser.
unicredit,documento-politica-investimento,Documento sulla politica di investimento - edizione 25/11/2022,,https://www.unicreditallianzvita.it/content/dam/onemarketing/crv/unicreditallianzvita-it/le-soluzioni-per-te/previdenza/unicredit-previdenza-p-i-p--crv/documentazione-precontrattuale-e-contrattuale/UAV-DPI-UniCredit-FPA.pdf,,Sì,Il sito del gestore rifiuta i download automatici (HTTP 403): si scarica dal browser.
unicredit,documento-sistema-governo,Documento sul Sistema di Governo Societario 19/03/2025,,https://www.unicreditallianzvita.it/content/dam/onemarketing/crv/unicreditallianzvita-it/le-soluzioni-per-te/archivio-prodotti/previdenza/unicredit-fondo-pensione-aperto/UAV_Documento_Governo_Societario_FPA_rev_2025.pdf,,Sì,Il sito del gestore rifiuta i download automatici (HTTP 403): si scarica dal browser.
unicredit,rendiconto,Effetti della Legge di Bilancio 2026 - Data edizione 01/07/2026,,https://www.unicreditallianzvita.it/content/dam/onemarketing/crv/unicreditallianzvita-it/le-soluzioni-per-te/archivio-prodotti/previdenza/unicredit-fondo-pensione-aperto/EFFETTI_LEGGE_BILANCIO_2026_FPA_UVA.pdf,,Sì,Il sito del gestore rifiuta i download automatici (HTTP 403): si scarica dal browser.
unicredit,metodologia-proiezioni,Metodologia utilizzata per l'elaborazione delle prestazioni pensionistiche,,https://www.unicreditallianzvita.it/content/dam/onemarketing/crv/unicreditallianzvita-it/le-soluzioni-per-te/archivio-prodotti/previdenza/unicredit-fondo-pensione-aperto/23-06-2025/Metodologia_per_elaborazione_Prestazioni_Pensionostiche_FPA.pdf,,Sì,Il sito del gestore rifiuta i download automatici (HTTP 403): si scarica dal browser.
unicredit,altro,Informativa sulla politica di impegno e strategia d'investimento azionario 10/02/2022,,https://www.unicreditallianzvita.it/content/dam/onemarketing/crv/unicreditallianzvita-it/le-soluzioni-per-te/archivio-prodotti/previdenza/unicredit-fondo-pensione-aperto/10-02-2022/4_UAV_Informativa_strategia_investimento_azionario.pdf,,Sì,Il sito del gestore rifiuta i download automatici (HTTP 403): si scarica dal browser.
previgest-fund-mediolanum,nota-informativa,File,nota-informativa.pdf,https://www.mediolanumgestionefondi.it/static-assets/documenti/file/it/2026/07/31//Nota_Informativa.pdf,,Sì,
previgest-fund-mediolanum,scheda-presentazione,File,scheda-presentazione.pdf,https://www.mediolanumgestionefondi.it/static-assets/documenti/file/it/2026/07/31//Scheda_Presentazione.pdf,,Sì,
previgest-fund-mediolanum,scheda-costi,"Scheda ""I costi""",scheda-costi.pdf,https://www.mediolanumgestionefondi.it/static-assets/documenti/previgest/SchedaCosti_PreviMGF.pdf,,Sì,
previgest-fund-mediolanum,scheda-costi,File,scheda-costi-2.pdf,https://www.mediolanumgestionefondi.it/static-assets/documenti/file/it/2026/03/26//Scheda_I_Costi_con_agevolazioni_finanziarie.pdf,,Sì,
previgest-fund-mediolanum,opzioni-investimento,File,opzioni-investimento.pdf,https://www.mediolanumgestionefondi.it/static-assets/documenti/file/it/2026/07/31//Scheda_opzioni_investimento.pdf,,Sì,
previgest-fund-mediolanum,soggetti-coinvolti,File,soggetti-coinvolti.pdf,https://www.mediolanumgestionefondi.it/static-assets/documenti/file/it/2026/07/31//Scheda-Soggetti-MGF.pdf.pdf,,Sì,
previgest-fund-mediolanum,informativa-sostenibilita,File,informativa-sostenibilita.pdf,https://www.mediolanumgestionefondi.it/static-assets/documenti/file/it/2026/07/31//Appendice_informativa_sulla_sostenibilita.pdf,,Sì,
previgest-fund-mediolanum,supplemento,File,supplemento.pdf,https://www.mediolanumgestionefondi.it/static-assets/documenti/file/it/2026/07/31//Supplemento_alla_nota_informativa.pdf,,Sì,
previgest-fund-mediolanum,regolamento,File,regolamento.pdf,https://www.mediolanumgestionefondi.it/static-assets/documenti/file/it/2026/07/31//Regolamento_MPF.pdf,,Sì,
previgest-fund-mediolanum,documento-rendite,File,documento-rendite.pdf,https://www.mediolanumgestionefondi.it/static-assets/documenti/file/it/2026/07/31//Doc_ErogRendite_PreviMGF.pdf,,Sì,
previgest-fund-mediolanum,documento-anticipazioni,File,documento-anticipazioni.pdf,https://www.mediolanumgestionefondi.it/static-assets/documenti/file/it/2025/06/12//Doc_Anticipazioni_MPF.pdf,,Sì,
previgest-fund-mediolanum,documento-regime-fiscale,File,documento-regime-fiscale.pdf,https://www.mediolanumgestionefondi.it/static-assets/documenti/file/it/2026/07/31//Regime_Fiscale_MPF.pdf,,Sì,
previgest-fund-mediolanum,documento-regime-fiscale,File,documento-regime-fiscale-2.pdf,https://www.mediolanumgestionefondi.it/static-assets/documenti/file/it/2023/05/26//Doc_RegimeFiscale_PreviMGF.pdf,,Sì,
previgest-fund-mediolanum,documento-politica-investimento,File,documento-politica-investimento.pdf,https://www.mediolanumgestionefondi.it/static-assets/documenti/file/it/2025/10/29//PoliticadiinvestimentodelFondoPensioneapertoPrevigestFundDef.pdf,,Sì,
previgest-fund-mediolanum,documento-sistema-governo,File,documento-sistema-governo.pdf,https://www.mediolanumgestionefondi.it/static-assets/documenti/file/it/2026/03/25//Previgest_Fund_Documento_sul_sistema_di_governo_societario.pdf,,Sì,
zurich-contribution,nota-informativa,Zurich Contribution Nota Informativa Parte I 032026 prot,nota-informativa.pdf,https://www.zurich.it/api/archiviodigitale/download?guid=CD3DC02D-2C1E-4961-B81F-F7EFADE295F7&filename=Zurich%20Contribution_Nota%20Informativa_Parte%20I%20032026_prot.pdf,,Sì,
zurich-contribution,scheda-presentazione,Zurich Contribution Nota Informativa Parte I Scheda Presentazione 032026 prot,scheda-presentazione.pdf,https://www.zurich.it/api/archiviodigitale/download?guid=6D03AB69-6069-42D6-ACE4-1D5EAC40535B&filename=Zurich%20Contribution_Nota%20Informativa_Parte%20I%20Scheda%20Presentazione%20032026_prot.pdf,,Sì,
zurich-contribution,scheda-costi,Zurich Contribution Scheda costi per adesioni su base collettiva 032026 prot,scheda-costi.pdf,https://www.zurich.it/api/archiviodigitale/download?guid=67661FCB-8FA8-4844-B0EA-171E360200AA&filename=Zurich%20Contribution_Scheda%20costi%20per%20adesioni%20su%20base%20collettiva%20032026_prot.pdf,,Sì,
zurich-contribution,scheda-costi,Zurich Contribution Nota Informativa Parte I Scheda I Costi 032026 prot,scheda-costi-2.pdf,https://www.zurich.it/api/archiviodigitale/download?guid=EBE2E1DB-A4E3-4363-B2AA-4D3E4E3F0AAB&filename=Zurich%20Contribution_Nota%20Informativa_Parte%20I%20Scheda%20I%20Costi%20032026_prot.pdf,,Sì,
zurich-contribution,opzioni-investimento,Zurich Contribution Nota Informativa Parte II Scheda Le opzioni di investimento 032026 prot,opzioni-investimento.pdf,https://www.zurich.it/api/archiviodigitale/download?guid=7B2C2918-F292-4DB6-9547-2E5C724FA2E8&filename=Zurich%20Contribution_Nota%20Informativa_Parte%20II%20Scheda%20Le%20opzioni%20di%20investimento%20032026_prot.pdf,,Sì,
zurich-contribution,soggetti-coinvolti,Zurich Contribution Nota Informativa Parte II Scheda Le informazioni sui soggetti 032026 prot,soggetti-coinvolti.pdf,https://www.zurich.it/api/archiviodigitale/download?guid=B1904F59-4EFA-4D62-9FFD-2E5E0946B6B3&filename=Zurich%20Contribution_Nota%20Informativa_Parte%20II%20Scheda%20Le%20informazioni%20sui%20soggetti%20032026_prot.pdf,,Sì,
zurich-contribution,informativa-sostenibilita,Zurich Contribution Nota Informativa Appendice sostenibilita 032026 prot,informativa-sostenibilita.pdf,https://www.zurich.it/api/archiviodigitale/download?guid=F8AF156C-FB86-4622-921F-D28ED686E1E6&filename=Zurich%20Contribution_Nota%20Informativa_Appendice%20sostenibilita%20032026_prot.pdf,,Sì,
zurich-contribution,supplemento,Zurich Contribution Supplemento Nota Informativa 072026 prot,supplemento.pdf,https://www.zurich.it/api/archiviodigitale/download?guid=00B4B99F-0000-C412-96BC-93B4DA412C73&filename=Zurich%20Contribution_Supplemento%20Nota%20Informativa%20072026_prot.pdf,,Sì,
zurich-contribution,regolamento,Zurich Contribution REGOLAMENTO 092026 prot,regolamento.pdf,https://www.zurich.it/api/archiviodigitale/download?guid=90755DA0-0000-C317-AF6B-606791471182&filename=Zurich%20Contribution-%20REGOLAMENTO%20092026_prot.pdf,,Sì,
zurich-contribution,documento-rendite,Zurich Contribution Documento sulle rendite 072026 prot,documento-rendite.pdf,https://www.zurich.it/api/archiviodigitale/download?guid=60B5B99F-0000-C71B-BF36-46FD29FCB19F&filename=Zurich%20Contribution_Documento%20sulle%20rendite_072026_prot.pdf,,Sì,
zurich-contribution,documento-anticipazioni,Zurich Contribution Documento Anticipazioni 032025 prot,documento-anticipazioni.pdf,https://www.zurich.it/api/archiviodigitale/download?guid=73D57157-3201-412D-AF59-76FA04A60801&filename=Zurich%20Contribution_Documento%20Anticipazioni%20032025_prot.pdf.pdf,,Sì,
zurich-contribution,documento-regime-fiscale,Zurich Contribution Documento Regime Fiscale 31072026 prot,documento-regime-fiscale.pdf,https://www.zurich.it/api/archiviodigitale/download?guid=C0B8B99F-0000-CA16-9BC3-2F07397180F9&filename=Zurich%20Contribution_Documento%20Regime%20Fiscale%2031072026_prot.pdf,,Sì,
zurich-contribution,documento-politica-investimento,DPI FPA Zurich Contribution,documento-politica-investimento.pdf,https://www.zurich.it/api/archiviodigitale/download?guid=C5BF433D-5AA2-4950-AB74-044960F4AF62&filename=DPI%20FPA%20Zurich%20Contribution.pdf,,Sì,
zurich-contribution,documento-sistema-governo,documento sul sistema di governo societario dei fondi pensione aperti 2023,documento-sistema-governo.pdf,https://edge.sitecorecloud.io/zurichinsurf8c0-zwpshared-prod-d824/media/project/zurich-headless/italy/files/fondi-aperti/documento-sul-sistema-di-governo-societario-dei-fondi-pensione-aperti_2023.pdf,,Sì,
zurich-contribution,rendiconto,Zurich Contribution Relazione sulla gestione,rendiconto.pdf,https://www.zurich.it/api/archiviodigitale/download?guid=70FE649F-0000-CD25-8FAF-91033588CB00&filename=Zurich%20Contribution%20-%20Relazione%20sulla%20gestione.pdf,,Sì,
zurich-contribution,metodologia-proiezioni,Metodologia e ipotesi utilizzate per le proiezioni v integrata completa 13082021 FPA DEF,metodologia-proiezioni.pdf,https://www.zurich.it/api/archiviodigitale/download?guid=D5A581DF-16E4-483D-8D60-7F292EE93080&filename=Metodologia%20e%20ipotesi%20utilizzate%20per%20le%20proiezioni%20v%20integrata%20completa%2013082021%20FPA%20DEF.pdf.pdf,,Sì,
zurich-contribution,altro,Zurich Contribution - Variazioni contrattuali,altro.pdf,https://www.zurich.it/api/archiviodigitale/download?guid=AD04830F-069F-4B5B-91CF-795AB15F0F64&filename=Zurich%20Contribution%20-%20Variazioni%20Contrattuali.pdf.pdf,,Sì,
zurich-contribution,altro,FPA ZC Novità intervenute nel corso dell,altro-2.pdf,https://www.zurich.it/api/archiviodigitale/download?guid=AF853947-3134-450A-BF70-CEF3A698DE1F&filename=FPA_ZC_Novit%C3%A0%20intervenute%20nel%20corso%20dell,,Sì,
zed-omnifund,nota-informativa,Zed Omnifund Nota Informativa Parte I 032026 prot,nota-informativa.pdf,https://www.zurich.it/api/archiviodigitale/download?guid=776CD547-714A-4C17-981E-572AF6A2F9F5&filename=Zed%20Omnifund_Nota%20Informativa_Parte%20I%20032026_prot.pdf,,Sì,
zed-omnifund,scheda-presentazione,Zed Omnifund Nota Informativa Parte I Scheda Presentazione 032026 prot,scheda-presentazione.pdf,https://www.zurich.it/api/archiviodigitale/download?guid=771D50C5-A0B4-400F-AFFE-896C1D17245A&filename=Zed%20Omnifund_Nota%20Informativa_Parte%20I%20Scheda%20Presentazione%20032026_prot.pdf,,Sì,
zed-omnifund,scheda-costi,ZED Omnifund Scheda costi per adesioni su base collettiva 032026 prot,scheda-costi.pdf,https://www.zurich.it/api/archiviodigitale/download?guid=E234A267-C6E1-4755-9EF9-CD2B30D20A5F&filename=ZED%20Omnifund_Scheda%20costi%20per%20adesioni%20su%20base%20collettiva%20032026_prot.pdf,,Sì,
zed-omnifund,scheda-costi,Zed Omnifund Nota Informativa Parte I Scheda I Costi 032026 prot,scheda-costi-2.pdf,https://www.zurich.it/api/archiviodigitale/download?guid=8C184BDC-3FBE-492B-822F-55E9FEBF58E9&filename=Zed%20Omnifund_Nota%20Informativa_Parte%20I%20Scheda%20I%20Costi%20032026_prot.pdf,,Sì,
zed-omnifund,opzioni-investimento,Zed Omnifund Nota Informativa Parte II Scheda Le opzioni di investimento 032026 prot,opzioni-investimento.pdf,https://www.zurich.it/api/archiviodigitale/download?guid=4B3CB3F6-38EE-499E-A366-43AC97130EEE&filename=Zed%20Omnifund_Nota%20Informativa_Parte%20II%20Scheda%20Le%20opzioni%20di%20investimento%20032026_prot.pdf,,Sì,
zed-omnifund,soggetti-coinvolti,Zed Omnifund Nota Informativa Parte II Scheda Le informazioni sui soggetti 032026 prot,soggetti-coinvolti.pdf,https://www.zurich.it/api/archiviodigitale/download?guid=B0AE927D-BB0E-4920-916A-621A8AFA0D5A&filename=Zed%20Omnifund_Nota%20Informativa_Parte%20II%20Scheda%20Le%20informazioni%20sui%20soggetti%20032026_prot.pdf,,Sì,
zed-omnifund,informativa-sostenibilita,Zed Omnifund Nota Informativa Appendice sostenibilita 032026 prot,informativa-sostenibilita.pdf,https://www.zurich.it/api/archiviodigitale/download?guid=13541CE5-46E5-44CC-9BA2-54D1D8B1B618&filename=Zed%20Omnifund_Nota%20Informativa_Appendice%20sostenibilita%20032026_prot.pdf,,Sì,
zed-omnifund,supplemento,ZED Omnifund Supplemento Nota Informativa 072026 prot,supplemento.pdf,https://www.zurich.it/api/archiviodigitale/download?guid=40A3B99F-0000-C013-A5EC-4E4913272BAC&filename=ZED%20Omnifund_Supplemento%20Nota%20Informativa%20072026_prot.pdf,,Sì,
zed-omnifund,regolamento,ZED Omnifund REGOLAMENTO 072026 prot,regolamento.pdf,https://www.zurich.it/api/archiviodigitale/download?guid=E0ABB99F-0000-C312-A98B-2B8AF6AAE02A&filename=ZED%20Omnifund_REGOLAMENTO%20072026_prot.pdf,,Sì,
zed-omnifund,regolamento,ZED Omnifund REGOLAMENTO 092026 prot,regolamento-2.pdf,https://www.zurich.it/api/archiviodigitale/download?guid=00BB5DA0-0000-C914-B4A6-182F1F32B8F5&filename=ZED%20Omnifund%20-%20REGOLAMENTO%20092026_prot.pdf,,Sì,
zed-omnifund,documento-rendite,ZED Omnifund documento sulle rendite 072026 prot,documento-rendite.pdf,https://www.zurich.it/api/archiviodigitale/download?guid=90A5B99F-0000-CC1E-9007-299274039113&filename=ZED%20Omnifund_documento%20sulle%20rendite_072026_prot.pdf,,Sì,
zed-omnifund,documento-anticipazioni,ZED Omnifund Documento Anticipazioni 032025 prot,documento-anticipazioni.pdf,https://www.zurich.it/api/archiviodigitale/download?guid=C3891D04-D382-4ED5-9904-1349FD4873D5&filename=ZED%20Omnifund_Documento%20Anticipazioni_032025_prot.pdf.pdf,,Sì,
zed-omnifund,documento-regime-fiscale,ZED Omnifund Documento Regime Fiscale 31072026 prot,documento-regime-fiscale.pdf,https://www.zurich.it/api/archiviodigitale/download?guid=20ADB99F-0000-CC10-8A2A-79CFE453ADC1&filename=ZED%20Omnifund_Documento%20Regime%20Fiscale_31072026_prot.pdf,,Sì,
zed-omnifund,documento-politica-investimento,DPI FPA ZED Omnifund,documento-politica-investimento.pdf,https://www.zurich.it/api/archiviodigitale/download?guid=F6E97463-8A18-4706-8644-F42187359F33&filename=DPI%20FPA%20ZED%20Omnifund.pdf,,Sì,
zed-omnifund,documento-sistema-governo,documento sul sistema di governo societario dei fondi pensione aperti 2023,documento-sistema-governo.pdf,https://edge.sitecorecloud.io/zurichinsurf8c0-zwpshared-prod-d824/media/project/zurich-headless/italy/files/fondi-aperti/documento-sul-sistema-di-governo-societario-dei-fondi-pensione-aperti_2023.pdf,,Sì,
zed-omnifund,rendiconto,Zed Omnifund Relazione sulla gestione,rendiconto.pdf,https://www.zurich.it/api/archiviodigitale/download?guid=102F659F-0000-C019-9494-2BBE6A70730B&filename=Zed%20Omnifund%20-%20Relazione%20sulla%20gestione.pdf,,Sì,
zed-omnifund,metodologia-proiezioni,Metodologia e ipotesi utilizzate per le proiezioni v integrata completa 13082021 FPA DEF,metodologia-proiezioni.pdf,https://www.zurich.it/api/archiviodigitale/download?guid=5C678101-03B6-4C20-A5FD-6AA549D123A4&filename=Metodologia%20e%20ipotesi%20utilizzate%20per%20le%20proiezioni%20v%20integrata%20completa%2013082021%20FPA%20DEF.pdf.pdf,,Sì,
zed-omnifund,altro,Zed Omnifund - Variazioni Contrattuali,altro.pdf,https://www.zurich.it/api/archiviodigitale/download?guid=BF5D705E-D387-487B-8934-242D68AD665F&filename=Zed%20Omnifund%20-%20Variazioni%20Contrattuali.pdf.pdf,,Sì,
zed-omnifund,altro,FPA ZED Novità intervenute nel corso dell,altro-2.pdf,https://www.zurich.it/api/archiviodigitale/download?guid=7108C9E3-813E-4300-A03E-27F945263B82&filename=FPA_ZED_Novit%C3%A0%20intervenute%20nel%20corso%20dell,,Sì,
plurifonds-itas-vita,nota-informativa,IL DOCUMENTO,nota-informativa.pdf,https://www.gruppoitas.it/documents/20121/0/nota%20Informativa%20versione%20integrale%20ita.pdf/349b049f-c268-e9be-733b-66a696097e1f,,Sì,
plurifonds-itas-vita,informativa-sostenibilita,COMPARTO AEQUITAS - INFORMATIVA WEB SULLA SOSTENIBILITÀ,informativa-sostenibilita.pdf,https://www.gruppoitas.it/documents/20121/0/V.01%202023.03_ISFDR_Informativa%20Web%20-%20Art.8_Aequitas_vfin.pdf/d2a63c29-d1ef-c91a-4ff0-58cafacd3058,,Sì,
plurifonds-itas-vita,informativa-sostenibilita,COMPARTO SECURITAS - INFORMATIVA WEB SULLA SOSTENIBILITÀ,informativa-sostenibilita-2.pdf,https://www.gruppoitas.it/documents/20121/0/ITAS_SFDR_Informativa%20art10%20SecurITAS.pdf/55c4e7bf-fc66-02fa-8474-314c27ffc5d1,,Sì,
plurifonds-itas-vita,informativa-sostenibilita,COMPARTO SOLIDITAS - INFORMATIVA WEB SULLA SOSTENIBILITÀ,informativa-sostenibilita-3.pdf,https://www.gruppoitas.it/documents/20121/0/ITAS_SFDR_Informativa%20art10%20Soliditas.pdf/b24336ee-2a5b-44ed-5cb0-206106249d6b,,Sì,
plurifonds-itas-vita,informativa-sostenibilita,COMPARTO SERENITAS - INFORMATIVA WEB SULLA SOSTENIBILITÀ,informativa-sostenibilita-4.pdf,https://www.gruppoitas.it/documents/20121/0/ITAS_SFDR_Informativa%20art10%20SerenITAS.pdf/59bec461-8f8b-b857-fabf-959d85984976,,Sì,
plurifonds-itas-vita,informativa-sostenibilita,COMPARTO ACTIVITAS - INFORMATIVA WEB SULLA SOSTENIBILITÀ,informativa-sostenibilita-5.pdf,https://www.gruppoitas.it/documents/20121/0/ITAS_SFDR_Informativa%20art10%20ActivITAS.pdf/657e1a49-3d05-306b-36b4-6460b50f5985,,Sì,
plurifonds-itas-vita,supplemento,IL DOCUMENTO,supplemento.pdf,https://www.gruppoitas.it/documents/20121/0/Supplemento%20Nota%20Informativa%20Plurifonds/0d8e407c-3cbc-ab40-7328-3057b3479210,,Sì,
plurifonds-itas-vita,regolamento,IL DOCUMENTO,regolamento.pdf,https://www.gruppoitas.it/documents/20121/0/1.%20regolamento%20versione%20integrale%20ita.pdf/29e608be-fb9e-9a8b-69b8-3d6c92b843d6,,Sì,
plurifonds-itas-vita,rendiconto,FONDO PENSIONE APERTO PLURIFONDS - RENDICONTO ANNUALE,rendiconto.pdf,https://www.gruppoitas.it/documents/20121/0/Relazione%20FPA_2024.pdf/135176e2-f859-215e-a094-ee1b296e0ec5,,Sì,
eurorisparmio,nota-informativa,Parte I della Nota Informativa,,https://www.eurorisparmiofondopensione.it/SSRDisplayerI?docCode=SELLASGR_EURORISPARMIO_NOTAINFORMATIVAPARTE_I,,Sì,Il link apre un visualizzatore che non restituisce il PDF a un client automatico: si scarica dal browser.
eurorisparmio,nota-informativa,Nota informativa completa,,https://www.eurorisparmiofondopensione.it/SSRDisplayerI?docCode=SELLASGR_EURORISPARMIO_NOTAINFORMATIVA,,Sì,Il link apre un visualizzatore che non restituisce il PDF a un client automatico: si scarica dal browser.
eurorisparmio,nota-informativa,"Nota Informativa - Parte I “Le informazioni chiave per l'aderente""",nota-informativa.pdf,https://www.sellasgr.it/it/cms/api/download-file?id=723,https://www.sellasgr.it/it/previdenza/eurorisparmio,Sì,
eurorisparmio,informativa-sostenibilita,"Appendice ""Informativa sulla sostenibilità"":",,https://www.eurorisparmiofondopensione.it/SSRDisplayerI?docCode=SELLASGR_EURORISPARMIO_APPENDICESOSTENIBILITA,,Sì,Il link apre un visualizzatore che non restituisce il PDF a un client automatico: si scarica dal browser.
eurorisparmio,informativa-sostenibilita,Nota Informativa - Appendice “Informativa sulla sostenibilità”,informativa-sostenibilita.pdf,https://www.sellasgr.it/it/cms/api/download-file?id=170,https://www.sellasgr.it/it/previdenza/eurorisparmio,Sì,
eurorisparmio,regolamento,Regolamento,,https://www.eurorisparmiofondopensione.it/SSRDisplayerI?docCode=SELLASGR_EURORISPARMIO_REGOLAMENTO,,Sì,Il link apre un visualizzatore che non restituisce il PDF a un client automatico: si scarica dal browser.
eurorisparmio,documento-anticipazioni,Documento sulle anticipazioni,,https://www.eurorisparmiofondopensione.it/SSRDisplayerI?docCode=SELLASGR_EURORISPARMIO_DOCUMENTOANTICIPAZIONI,,Sì,Il link apre un visualizzatore che non restituisce il PDF a un client automatico: si scarica dal browser.
eurorisparmio,documento-regime-fiscale,Documento sul regime fiscale,,https://www.eurorisparmiofondopensione.it/SSRDisplayerI?docCode=SELLASGR_EURORISPARMIO_DOCUMENTOREGIMEFISCALE,,Sì,Il link apre un visualizzatore che non restituisce il PDF a un client automatico: si scarica dal browser.
eurorisparmio,rendiconto,Rendiconto,,https://www.eurorisparmiofondopensione.it/SSRDisplayerI?docCode=SELLASGR_RENDICONTO_EURORISPARMIO,,Sì,Il link apre un visualizzatore che non restituisce il PDF a un client automatico: si scarica dal browser.
eurorisparmio,modulo-adesione,Informativa in merito all'idoneità alla raccolta delle adesioni automatiche (Del. COVIP 23/06/2026),modulo-adesione.pdf,https://www.sellasgr.it/it/cms/api/download-file?id=1261,https://www.sellasgr.it/it/previdenza/eurorisparmio,Sì,
eurorisparmio,modulo-adesione,Modulo di adesione,modulo-adesione-2.pdf,https://www.sellasgr.it/it/cms/api/download-file?id=181,https://www.sellasgr.it/it/previdenza/eurorisparmio,Sì,
aureo,nota-informativa,Nota Informativa,nota-informativa-2.pdf,https://www.bccrisparmioeprevidenza.it/it-IT/FondiPensione/Nota%20Informativa.pdf,https://www.bccrisparmioeprevidenza.it/it-IT/Pagine/ProspettiDocumenti/Documenti-Fondo-Pensione.aspx,Sì,
aureo,nota-informativa,01 Informazioni chiave per aderente,nota-informativa.pdf,https://www.bccrisparmioeprevidenza.it/it-IT/FondiPensione/01%20Informazioni%20chiave%20per%20aderente.PDF,https://www.bccrisparmioeprevidenza.it/it-IT/Pagine/ProspettiDocumenti/Documenti-Fondo-Pensione.aspx,Sì,
aureo,scheda-presentazione,02 Scheda PRESENTAZIONE,scheda-presentazione.pdf,https://www.bccrisparmioeprevidenza.it/it-IT/FondiPensione/02%20Scheda%20PRESENTAZIONE.pdf,https://www.bccrisparmioeprevidenza.it/it-IT/Pagine/ProspettiDocumenti/Documenti-Fondo-Pensione.aspx,Sì,
aureo,scheda-costi,03 Scheda I COSTI,scheda-costi.pdf,https://www.bccrisparmioeprevidenza.it/it-IT/FondiPensione/03%20Scheda%20I%20COSTI.PDF,https://www.bccrisparmioeprevidenza.it/it-IT/Pagine/ProspettiDocumenti/Documenti-Fondo-Pensione.aspx,Sì,
aureo,scheda-costi,03 Scheda I COSTI Adesioni Collettive,scheda-costi-2.pdf,https://www.bccrisparmioeprevidenza.it/it-IT/FondiPensione/03%20Scheda%20I%20COSTI%20Adesioni%20Collettive.pdf,https://www.bccrisparmioeprevidenza.it/it-IT/Pagine/ProspettiDocumenti/Documenti-Fondo-Pensione.aspx,Sì,
aureo,opzioni-investimento,04 Scheda LE OPZIONI DI INVESTIMENTO,opzioni-investimento.pdf,https://www.bccrisparmioeprevidenza.it/it-IT/FondiPensione/04%20Scheda%20LE%20OPZIONI%20DI%20INVESTIMENTO.pdf,https://www.bccrisparmioeprevidenza.it/it-IT/Pagine/ProspettiDocumenti/Documenti-Fondo-Pensione.aspx,Sì,
aureo,soggetti-coinvolti,05 Scheda LE INFORMAZIONI SUI SOGGETTI COINVOLTI,soggetti-coinvolti.pdf,https://www.bccrisparmioeprevidenza.it/it-IT/FondiPensione/05%20Scheda%20LE%20INFORMAZIONI%20SUI%20SOGGETTI%20COINVOLTI.pdf,https://www.bccrisparmioeprevidenza.it/it-IT/Pagine/ProspettiDocumenti/Documenti-Fondo-Pensione.aspx,Sì,
aureo,informativa-sostenibilita,06 Appendice Informativa sulla sostenibilita,informativa-sostenibilita.pdf,https://www.bccrisparmioeprevidenza.it/it-IT/FondiPensione/06%20Appendice%20-%20Informativa%20sulla%20sostenibilita.pdf,https://www.bccrisparmioeprevidenza.it/it-IT/Pagine/ProspettiDocumenti/Documenti-Fondo-Pensione.aspx,Sì,
aureo,supplemento,2026.07 FP Aureo Supplemento Nota Informativa,supplemento.pdf,https://www.bccrisparmioeprevidenza.it/it-IT/FondiPensione/2026.07-FP_Aureo_Supplemento_Nota_Informativa.pdf,https://www.bccrisparmioeprevidenza.it/it-IT/Pagine/ProspettiDocumenti/Documenti-Fondo-Pensione.aspx,Sì,
aureo,regolamento,2026.07 Regolamento Fondo Pensione Aperto Aureo,regolamento.pdf,https://www.bccrisparmioeprevidenza.it/it-IT/FondiPensione/2026.07_Regolamento_Fondo%20Pensione%20Aperto%20Aureo.pdf,https://www.bccrisparmioeprevidenza.it/it-IT/Pagine/ProspettiDocumenti/Documenti-Fondo-Pensione.aspx,Sì,
aureo,documento-rendite,Documento sulle rendite,documento-rendite.pdf,https://www.bccrisparmioeprevidenza.it/it-IT/FondiPensione/Documento%20sulle%20rendite.pdf,https://www.bccrisparmioeprevidenza.it/it-IT/Pagine/ProspettiDocumenti/Documenti-Fondo-Pensione.aspx,Sì,
aureo,documento-rendite,Integrazione documento Rendite,documento-rendite-2.pdf,https://www.bccrisparmioeprevidenza.it/it-IT/FondiPensione/Integrazione%20documento%20Rendite.pdf,https://www.bccrisparmioeprevidenza.it/it-IT/Pagine/ProspettiDocumenti/Documenti-Fondo-Pensione.aspx,Sì,
aureo,documento-rendite,Modulo rendita Assimoco,documento-rendite-3.pdf,https://www.bccrisparmioeprevidenza.it/it-IT/FondiPensione/Modulo_rendita_Assimoco.pdf,https://www.bccrisparmioeprevidenza.it/it-IT/Pagine/ProspettiDocumenti/Documenti-Fondo-Pensione.aspx,Sì,
aureo,documento-anticipazioni,Documento sulle anticipazioni,documento-anticipazioni.pdf,https://www.bccrisparmioeprevidenza.it/it-IT/FondiPensione/Documento_sulle_anticipazioni.pdf,https://www.bccrisparmioeprevidenza.it/it-IT/Pagine/ProspettiDocumenti/Documenti-Fondo-Pensione.aspx,Sì,
aureo,documento-regime-fiscale,Documento sul regime fiscale,documento-regime-fiscale.pdf,https://www.bccrisparmioeprevidenza.it/it-IT/FondiPensione/Documento%20sul%20regime%20fiscale.pdf,https://www.bccrisparmioeprevidenza.it/it-IT/Pagine/ProspettiDocumenti/Documenti-Fondo-Pensione.aspx,Sì,
aureo,documento-politica-investimento,Politica Investimento FPA,documento-politica-investimento.pdf,https://www.bccrisparmioeprevidenza.it/it-IT/FondiPensione/Politica%20Investimento%20FPA.pdf,https://www.bccrisparmioeprevidenza.it/it-IT/Pagine/ProspettiDocumenti/Documenti-Fondo-Pensione.aspx,Sì,
aureo,documento-sistema-governo,Documento sul sistema governo societario,documento-sistema-governo.pdf,https://www.bccrisparmioeprevidenza.it/it-IT/FondiPensione/Documento%20sul%20sistema%20governo%20societario.pdf,https://www.bccrisparmioeprevidenza.it/it-IT/Pagine/ProspettiDocumenti/Documenti-Fondo-Pensione.aspx,Sì,
aureo,rendiconto,FP Rendiconto,rendiconto.pdf,https://www.bccrisparmioeprevidenza.it/it-IT/FondiPensione/FP_Rendiconto.pdf,https://www.bccrisparmioeprevidenza.it/it-IT/Pagine/ProspettiDocumenti/Documenti-Fondo-Pensione.aspx,Sì,
aureo,modulo-adesione,2026 06 30 Avviso adesioni automatiche,modulo-adesione.pdf,https://www.bccrisparmioeprevidenza.it/it-IT/FondiPensione/2026%2006%2030%20Avviso%20adesioni%20automatiche.pdf,https://www.bccrisparmioeprevidenza.it/it-IT/Pagine/ProspettiDocumenti/Documenti-Fondo-Pensione.aspx,Sì,
aureo,metodologia-proiezioni,Allegato2 MetodologieCalcolo ProiezioniPensionistiche,metodologia-proiezioni.pdf,https://www.bccrisparmioeprevidenza.it/it-IT/FondiPensione/Allegato2-MetodologieCalcolo_ProiezioniPensionistiche.pdf,https://www.bccrisparmioeprevidenza.it/it-IT/Pagine/ProspettiDocumenti/Documenti-Fondo-Pensione.aspx,Sì,
aureo,altro,Leggi l'informativa completa,altro.pdf,https://www.bccrisparmioeprevidenza.it/it-IT/Documents/Nuove%20prestazioni%20pensionistiche_link%20sito%20web.pdf,,Sì,
credit-agricole-vita,nota-informativa,Nota informativa,nota-informativa.pdf,https://www.ca-vita.it/media/filer_public/33/22/332221c9-4fb4-49e6-9c21-242a885ccff6/fpa_ni_fpa_credit_agricole.pdf,https://www.ca-vita.it/fondo-pensione-e-previdenza/fondo-pensione-aperto,No,
credit-agricole-vita,nota-informativa,Fondo Pensione Aperto informazioni chiave per l'aderente,nota-informativa-2.pdf,https://www.ca-vita.it/media/filer_public/76/3f/763fdc7d-4c5e-4b48-9092-75dd4193b498/fpa_ni_fpa_credit_agricole_parte_i_le_informazioni_chiave_per_l_aderente.pdf,https://www.ca-vita.it/fondo-pensione-e-previdenza/fondo-pensione-aperto,No,
credit-agricole-vita,nota-informativa,Fondo Pensione Aperto informazioni integrative,nota-informativa-3.pdf,https://www.ca-vita.it/media/filer_public/6a/cd/6acd27b9-0667-4837-9cba-ec39a106b631/fpa_ni_fpa_credit_agricole_parte_ii_le_informazioni_integrative.pdf,https://www.ca-vita.it/fondo-pensione-e-previdenza/fondo-pensione-aperto,No,
credit-agricole-vita,scheda-costi,Scheda sintetica dei costi,scheda-costi.pdf,https://www.ca-vita.it/media/filer_public/16/83/16833c91-20fb-46a6-a607-02f2afb7cd33/fpa_ni_fpa_credit_agricole_scheda_costi.pdf,https://www.ca-vita.it/fondo-pensione-e-previdenza/fondo-pensione-aperto,No,
credit-agricole-vita,scheda-costi,Scheda sintetica dei costi collettività,scheda-costi-2.pdf,https://www.ca-vita.it/media/filer_public/15/1b/151b8111-45de-4ddc-ae6e-635f56994158/fpa_ni_fpa_credit_agricole_costi_collettivita.pdf,https://www.ca-vita.it/fondo-pensione-e-previdenza/fondo-pensione-aperto,No,
credit-agricole-vita,soggetti-coinvolti,Fondo Pensione Aperto informativa integrative - scheda sui soggetti coinvolti,soggetti-coinvolti.pdf,https://www.ca-vita.it/media/filer_public/67/6a/676a3096-45c1-4b22-a0d6-9b13f8cdd0a5/fpa_ni_fpa_credit_agricole_parte_ii_le_informazioni_integrative_scheda_le_informazioni_sui_soggetti_coinvolti.pdf,https://www.ca-vita.it/fondo-pensione-e-previdenza/fondo-pensione-aperto,No,
credit-agricole-vita,informativa-sostenibilita,Fondo Pensione Aperto appendice alla Sostenibilità,informativa-sostenibilita.pdf,https://www.ca-vita.it/media/filer_public/b3/0e/b30e26dd-7e85-4184-b160-94ce69449423/fpa_ni_fpa_credit_agricole_appendice_sostenibilita.pdf,https://www.ca-vita.it/fondo-pensione-e-previdenza/fondo-pensione-aperto,No,
credit-agricole-vita,supplemento,Supplemento nota informativa,supplemento.pdf,https://www.ca-vita.it/media/filer_public/3d/8c/3d8c85f6-7565-4a1c-b3f3-a7b8c93e3d69/supplemento_ni_fpa.pdf,https://www.ca-vita.it/fondo-pensione-e-previdenza/fondo-pensione-aperto,No,
credit-agricole-vita,regolamento,Regolamento del Fondo,regolamento.pdf,https://www.ca-vita.it/media/filer_public/85/f5/85f5b86f-baec-4564-bab4-2d5de27f6225/regolamento_fpa_2026.pdf,https://www.ca-vita.it/fondo-pensione-e-previdenza/fondo-pensione-aperto,No,
credit-agricole-vita,documento-rendite,Documento sulle Rendite,documento-rendite.pdf,https://www.ca-vita.it/media/filer_public/2f/ef/2fef7010-3cd6-48e1-a572-4841ba4fd387/doc_rendite_fpa_2022_05.pdf,https://www.ca-vita.it/fondo-pensione-e-previdenza/fondo-pensione-aperto,No,
credit-agricole-vita,documento-anticipazioni,Documento sulle Anticipazioni,documento-anticipazioni.pdf,https://www.ca-vita.it/media/filer_public/39/08/39087a2b-c6cd-4a0e-bd6f-6a675af59203/documento_sulle_anticipazioni.pdf,https://www.ca-vita.it/fondo-pensione-e-previdenza/fondo-pensione-aperto,No,
credit-agricole-vita,documento-regime-fiscale,Documento sul Regime Fiscale,documento-regime-fiscale.pdf,https://www.ca-vita.it/media/filer_public/3d/d0/3dd03a1a-ad30-4841-b267-44128d0c83b4/documento_sul_regime_fiscale.pdf,https://www.ca-vita.it/fondo-pensione-e-previdenza/fondo-pensione-aperto,No,
credit-agricole-vita,documento-politica-investimento,Politica Finanziaria Fondo Pensione,documento-politica-investimento.pdf,https://www.ca-vita.it/media/filer_public/dc/81/dc817352-6e17-4c3c-bd72-cc0f356cd643/politica_finanziaria_fpa_itl_2025.pdf,https://www.ca-vita.it/fondo-pensione-e-previdenza/fondo-pensione-aperto,No,
credit-agricole-vita,documento-sistema-governo,Sistema di Governo Societario,documento-sistema-governo.pdf,https://www.ca-vita.it/media/filer_public/ee/2e/ee2e920d-d713-4f0d-84a6-438660108b1d/sistema_di_governo_societario.pdf,https://www.ca-vita.it/fondo-pensione-e-previdenza/fondo-pensione-aperto,No,
credit-agricole-vita,rendiconto,Rendiconto 2025,rendiconto.pdf,https://www.ca-vita.it/media/filer_public/51/e2/51e22cc8-d5da-4a1b-a1c5-1f19c68e306b/rendiconto_2025.pdf,https://www.ca-vita.it/fondo-pensione-e-previdenza/fondo-pensione-aperto,No,
credit-agricole-vita,modulo-adesione,Modulo Adesione Fondo Pensione Aperto,modulo-adesione.pdf,https://www.ca-vita.it/media/filer_public/eb/05/eb052bdc-6c4a-4295-ba28-3e2ead1b4f3b/modulo_di_adesione_fondo_pensione_aperto.pdf,https://www.ca-vita.it/fondo-pensione-e-previdenza/fondo-pensione-aperto,No,
credit-agricole-vita,metodologia-proiezioni,Metodo di calcolo prestazioni pensionistiche,metodologia-proiezioni.pdf,https://www.ca-vita.it/media/filer_public/80/ee/80eed668-6bc4-44d1-9fc0-f7dfd9f125bc/def_informazioni-sulla-metodologia-utilizzata-per-lelaborazione-delle-prestazioni-pensionistiche-standardizzate-fornite-nellambito-della-nota-informativa.pdf,https://www.ca-vita.it/fondo-pensione-e-previdenza/fondo-pensione-aperto,No,
credit-agricole-vita,altro,Politica di impegno Fondo Pensione Aperto 2025,altro.pdf,https://www.ca-vita.it/media/filer_public/32/d5/32d56554-6c5f-42a7-8cce-cd5d3569614f/politica_di_impegno_fondo_pensione_aperto_2025.pdf,https://www.ca-vita.it/fondo-pensione-e-previdenza/fondo-pensione-aperto,No,
arti-e-mestieri,nota-informativa,il,nota-informativa.pdf,https://www.animasgr.it/d/IT/Downloads/Documents/AM_NotaInformativa.pdf,https://www.animasgr.it/IT/investitore-privato/come-investire/Pagine/documentazione-legale.aspx?areas=2,Sì,
arti-e-mestieri,scheda-presentazione,il,scheda-presentazione.pdf,https://www.animasgr.it/d/IT/Downloads/Documents/AM_Parte_I_Scheda_Presentazione.pdf,https://www.animasgr.it/IT/investitore-privato/come-investire/Pagine/documentazione-legale.aspx?areas=2,Sì,
arti-e-mestieri,scheda-costi,il,scheda-costi.pdf,https://www.animasgr.it/d/IT/Downloads/Documents/AM_Parte_I_Scheda_I_costi.pdf,https://www.animasgr.it/IT/investitore-privato/come-investire/Pagine/documentazione-legale.aspx?areas=2,Sì,
arti-e-mestieri,scheda-costi,il,scheda-costi-2.pdf,https://www.animasgr.it/d/IT/Downloads/Documents/AM_Parte_I_Scheda_I_Costi_PerAdesioniCollettive.pdf,https://www.animasgr.it/IT/investitore-privato/come-investire/Pagine/documentazione-legale.aspx?areas=2,Sì,
arti-e-mestieri,scheda-costi,il,scheda-costi-3.pdf,https://www.animasgr.it/d/IT/Downloads/Documents/AM_Parte_I_Scheda_I_Costi_PerAdesioniCollettive_ClasseD.pdf,https://www.animasgr.it/IT/investitore-privato/come-investire/Pagine/documentazione-legale.aspx?areas=2,Sì,
arti-e-mestieri,opzioni-investimento,il,opzioni-investimento.pdf,https://www.animasgr.it/d/IT/Downloads/Documents/AM_Parte_II_Scheda_Opzioni_Investimento.pdf,https://www.animasgr.it/IT/investitore-privato/come-investire/Pagine/documentazione-legale.aspx?areas=2,Sì,
arti-e-mestieri,soggetti-coinvolti,il,soggetti-coinvolti.pdf,https://www.animasgr.it/d/IT/Downloads/Documents/AM_Parte_II_Scheda_Informazioni_Soggetti_Coinvolti.pdf,https://www.animasgr.it/IT/investitore-privato/come-investire/Pagine/documentazione-legale.aspx?areas=2,Sì,
arti-e-mestieri,informativa-sostenibilita,il,informativa-sostenibilita.pdf,https://www.animasgr.it/d/IT/Downloads/Documents/InformativaSostenibilita_ArtiMestieriCompartoSviluppo15piu.pdf,https://www.animasgr.it/IT/investitore-privato/come-investire/Pagine/documentazione-legale.aspx?areas=2,Sì,
arti-e-mestieri,informativa-sostenibilita,il,informativa-sostenibilita-2.pdf,https://www.animasgr.it/d/IT/Downloads/Documents/InformativaSostenibilita_ArtiMestieriCompartoConservazione3piu.pdf,https://www.animasgr.it/IT/investitore-privato/come-investire/Pagine/documentazione-legale.aspx?areas=2,Sì,
arti-e-mestieri,informativa-sostenibilita,il,informativa-sostenibilita-3.pdf,https://www.animasgr.it/d/IT/Downloads/Documents/InformativaSostenibilita_ArtiMestieriCompartoGaranzia1piu.pdf,https://www.animasgr.it/IT/investitore-privato/come-investire/Pagine/documentazione-legale.aspx?areas=2,Sì,
arti-e-mestieri,informativa-sostenibilita,il,informativa-sostenibilita-4.pdf,https://www.animasgr.it/d/IT/Downloads/Documents/InformativaSostenibilita_ArtiMestieriCompartoCrescita25piu.pdf,https://www.animasgr.it/IT/investitore-privato/come-investire/Pagine/documentazione-legale.aspx?areas=2,Sì,
arti-e-mestieri,informativa-sostenibilita,il,informativa-sostenibilita-5.pdf,https://www.animasgr.it/d/IT/Downloads/Documents/InformativaSostenibilita_ArtiMestieriCompartoIncrementoEGaranzia5piu.pdf,https://www.animasgr.it/IT/investitore-privato/come-investire/Pagine/documentazione-legale.aspx?areas=2,Sì,
arti-e-mestieri,informativa-sostenibilita,il,informativa-sostenibilita-6.pdf,https://www.animasgr.it/d/IT/Downloads/Documents/InformativaSostenibilita_ArtiMestieriCompartoRivalutazione10piu.pdf,https://www.animasgr.it/IT/investitore-privato/come-investire/Pagine/documentazione-legale.aspx?areas=2,Sì,
arti-e-mestieri,informativa-sostenibilita,il,informativa-sostenibilita-7.pdf,https://www.animasgr.it/d/IT/Downloads/Documents/InformativaSostenibilita_ArtiMestieriCompartoEquilibrio5piu.pdf,https://www.animasgr.it/IT/investitore-privato/come-investire/Pagine/documentazione-legale.aspx?areas=2,Sì,
arti-e-mestieri,informativa-sostenibilita,il,informativa-sostenibilita-8.pdf,https://www.animasgr.it/d/IT/Downloads/Documents/AM_Appendice_Informativa_Sostenibilita.pdf,https://www.animasgr.it/IT/investitore-privato/come-investire/Pagine/documentazione-legale.aspx?areas=2,Sì,
arti-e-mestieri,supplemento,il,supplemento.pdf,https://www.animasgr.it/d/IT/Downloads/Documents/AM_SupplementoNotaInformativa.pdf,https://www.animasgr.it/IT/investitore-privato/come-investire/Pagine/documentazione-legale.aspx?areas=2,Sì,
arti-e-mestieri,regolamento,Regolamento di gestione,regolamento.pdf,https://www.animasgr.it/d/IT/Downloads/Documents/R_ArtiMestieri.pdf,https://www.animasgr.it/IT/investitore-privato/come-investire/Pagine/documentazione-legale.aspx?areas=2,Sì,
arti-e-mestieri,documento-rendite,il,documento-rendite.pdf,https://www.animasgr.it/d/IT/Downloads/Documents/AM_DocumentoSulleRendite.pdf,https://www.animasgr.it/IT/investitore-privato/come-investire/Pagine/documentazione-legale.aspx?areas=2,Sì,
arti-e-mestieri,documento-rendite,il,documento-rendite-2.pdf,https://www.animasgr.it/d/IT/Downloads/Documents/AM_ModuloAttivazioneRendita.pdf,https://www.animasgr.it/IT/investitore-privato/come-investire/Pagine/documentazione-legale.aspx?areas=2,Sì,
arti-e-mestieri,documento-anticipazioni,il,documento-anticipazioni.pdf,https://www.animasgr.it/d/IT/Downloads/Documents/AM_DocumentoAnticipazioni.pdf,https://www.animasgr.it/IT/investitore-privato/come-investire/Pagine/documentazione-legale.aspx?areas=2,Sì,
arti-e-mestieri,documento-anticipazioni,il,documento-anticipazioni-2.pdf,https://www.animasgr.it/d/IT/Downloads/Documents/OrientamentiInMateriaDiAnticipazioniAgliIscritti.pdf,https://www.animasgr.it/IT/investitore-privato/come-investire/Pagine/documentazione-legale.aspx?areas=2,Sì,
arti-e-mestieri,documento-regime-fiscale,il,documento-regime-fiscale.pdf,https://www.animasgr.it/d/IT/Downloads/Documents/AM_DocumentoSulRegimeFiscale.pdf,https://www.animasgr.it/IT/investitore-privato/come-investire/Pagine/documentazione-legale.aspx?areas=2,Sì,
arti-e-mestieri,documento-politica-investimento,il,documento-politica-investimento.pdf,https://www.animasgr.it/d/IT/Downloads/Documents/FP_documento%20attuazione%20politica%20di%20investimento.pdf,https://www.animasgr.it/IT/investitore-privato/come-investire/Pagine/documentazione-legale.aspx?areas=2,Sì,
arti-e-mestieri,documento-sistema-governo,Documento sul sistema di governo societario,documento-sistema-governo.pdf,https://www.animasgr.it/d/IT/Downloads/Documents/FP_RGS.pdf,https://www.animasgr.it/IT/investitore-privato/come-investire/Pagine/documentazione-legale.aspx?areas=2,Sì,
arti-e-mestieri,rendiconto,il,rendiconto.pdf,https://www.animasgr.it/d/IT/Downloads/Documents/Rendiconto%20ANIMA%20ARTIMESTIERI%2031dic2025.pdf,https://www.animasgr.it/IT/investitore-privato/come-investire/Pagine/documentazione-legale.aspx?areas=2,Sì,
arti-e-mestieri,rendiconto,il,rendiconto-2.pdf,https://www.animasgr.it/d/IT/Downloads/Documents/Rendiconto%20ANIMA%20ARTIMESTIERI%20-%2031dic24.pdf,https://www.animasgr.it/IT/investitore-privato/come-investire/Pagine/documentazione-legale.aspx?areas=2,Sì,
arti-e-mestieri,modulo-adesione,il,modulo-adesione.pdf,https://www.animasgr.it/d/IT/Downloads/Documents/AM_ModuloDiAdesione.pdf,https://www.animasgr.it/IT/investitore-privato/come-investire/Pagine/documentazione-legale.aspx?areas=2,Sì,
arti-e-mestieri,modulo-adesione,il,modulo-adesione-2.pdf,https://www.animasgr.it/d/IT/Downloads/Documents/OrientamentiInMateriaDiAdesionePensionati.pdf,https://www.animasgr.it/IT/investitore-privato/come-investire/Pagine/documentazione-legale.aspx?areas=2,Sì,
arti-e-mestieri,modulo-adesione,AM Scheda sintetica per adesioni collettive,,https://www.animasgr.it/IT/ComeInvestire/DocumentazioneLegale/ArtiEMestieriFondoPensioneAperto/Doc%20Offerta/AM_SchedaSinteticaPerAdesioniCollettive.pdf,,Sì,Link non più valido (HTTP 404).
arti-e-mestieri,altro,il,altro.pdf,https://www.animasgr.it/d/IT/Downloads/Documents/Anima%20-%20Politica%20di%20impegno%202025.pdf,https://www.animasgr.it/IT/investitore-privato/come-investire/Pagine/documentazione-legale.aspx?areas=2,Sì,
arti-e-mestieri,altro,il,altro-2.pdf,https://www.animasgr.it/d/IT/Downloads/Documents/Anima%20-%20Politica%20di%20impegno%20%202024.pdf,https://www.animasgr.it/IT/investitore-privato/come-investire/Pagine/documentazione-legale.aspx?areas=2,Sì,
arti-e-mestieri,altro,Politica di Impegno,altro-3.pdf,https://www.animasgr.it/d//IT/Downloads/Policy/Anima-Politica_di_impegno-00.pdf,,Sì,
secondapensione,nota-informativa,2026-07-31 Nota Informativa,nota-informativa.pdf,https://www.secondapensione.it/files/nuxeo/dl/33a44be7-9bdd-418e-8cf9-80d619a7c855?inline=,https://www.secondapensione.it/regolamento-e-nota-informativa,Sì,
secondapensione,scheda-presentazione,"2026-07-31 Parte I - Scheda ""Presentazione""",scheda-presentazione.pdf,https://www.secondapensione.it/files/nuxeo/dl/efa224d5-bb34-4ff1-89c1-e3731e3580c7?inline=,https://www.secondapensione.it/regolamento-e-nota-informativa,Sì,
secondapensione,scheda-costi,2026-07-31 Parte I - Scheda “I costi”,scheda-costi.pdf,https://www.secondapensione.it/files/nuxeo/dl/e635f73f-3912-4896-8f1e-bd64bf0aa018?inline=,https://www.secondapensione.it/regolamento-e-nota-informativa,Sì,
secondapensione,opzioni-investimento,"2026-07-31 Parte II - Scheda ""Le opzioni di investimento""",opzioni-investimento.pdf,https://www.secondapensione.it/files/nuxeo/dl/8e46d1d4-7be2-47bd-ac12-409c85b713b5?inline=,https://www.secondapensione.it/regolamento-e-nota-informativa,Sì,
secondapensione,soggetti-coinvolti,"2026-07-31 Parte II - Scheda ""Le informazioni sui soggetti coinvolti""",soggetti-coinvolti.pdf,https://www.secondapensione.it/files/nuxeo/dl/347b7b70-7e93-4262-94af-17a644c344ac?inline=,https://www.secondapensione.it/regolamento-e-nota-informativa,Sì,
secondapensione,informativa-sostenibilita,2026-07-31 Appendice - Informativa sulla sostenibilità,informativa-sostenibilita.pdf,https://www.secondapensione.it/files/nuxeo/dl/771aa51d-cae0-4214-919a-e463fd85bc84?inline=,https://www.secondapensione.it/regolamento-e-nota-informativa,Sì,
secondapensione,supplemento,2026-07-31 Supplemento alla Nota Infomativa - Le prestazioni pensionistiche,supplemento.pdf,https://www.secondapensione.it/files/nuxeo/dl/499c2f11-fe4c-4989-b972-aeaf08f00d9b?inline=,https://www.secondapensione.it/regolamento-e-nota-informativa,Sì,
secondapensione,regolamento,2026-07-31 Regolamento,regolamento.pdf,https://www.secondapensione.it/files/nuxeo/dl/32860bda-f7be-4318-ba92-338bdaed78e9?inline=,https://www.secondapensione.it/regolamento-e-nota-informativa,Sì,
secondapensione,regolamento,2026-07-31 Allegato n.3 del Regolamento - Condizioni delle prestazioni assicurative accessorie,regolamento-2.pdf,https://www.secondapensione.it/files/nuxeo/dl/0846b3ad-b21a-498f-9e95-99af0437df6c?inline=,https://www.secondapensione.it/regolamento-e-nota-informativa,Sì,
secondapensione,regolamento,2026-07-31 Allegato n.1 del Regolamento - Disposizioni in materia di responsabile,regolamento-3.pdf,https://www.secondapensione.it/files/nuxeo/dl/130f2d44-d1cd-45d3-8fa9-3aceb44117f3?inline=,https://www.secondapensione.it/regolamento-e-nota-informativa,Sì,
secondapensione,documento-rendite,2026-07-31 Documento sull'erogazione delle rendite,documento-rendite.pdf,https://www.secondapensione.it/files/nuxeo/dl/3b35a7d4-61a4-48ca-b6ff-1e8579f988fb?inline=,https://www.secondapensione.it/regolamento-e-nota-informativa,Sì,
secondapensione,documento-anticipazioni,2026-07-31 Documento sulle anticipazioni,documento-anticipazioni.pdf,https://www.secondapensione.it/files/nuxeo/dl/21908f32-3821-42cb-85e6-f83dbac74da2?inline=,https://www.secondapensione.it/regolamento-e-nota-informativa,Sì,
secondapensione,documento-regime-fiscale,2026-07-31 Documento sul Regime Fiscale,documento-regime-fiscale.pdf,https://www.secondapensione.it/files/nuxeo/dl/d334158d-346b-4bbc-943b-9a4a17964e43?inline=,https://www.secondapensione.it/regolamento-e-nota-informativa,Sì,
secondapensione,documento-regime-fiscale,2025-02-03 Modulo agevolazioni fiscali per contributi non dedotti,documento-regime-fiscale-2.pdf,https://www.secondapensione.it/files/nuxeo/dl/61ee0674-eab9-4bbf-8ec7-5fc53bc35631?inline=,https://www.secondapensione.it/modulistica,Sì,
secondapensione,documento-politica-investimento,2025-03-31 Documento sulla politica di investimento,documento-politica-investimento.pdf,https://www.secondapensione.it/files/nuxeo/dl/020cb813-383c-4a28-bb96-4177557f68e7?inline=,https://www.secondapensione.it/politica-di-impegno-e-politica-di-investimento,Sì,
secondapensione,documento-sistema-governo,2026-02-27 Documento sul Sistema di Governo Societario,documento-sistema-governo.pdf,https://www.secondapensione.it/files/nuxeo/dl/1461d2d3-dda3-4bbf-b797-21fa7c02ad53?inline=,https://www.secondapensione.it/documento-sul-sistema-di-governo,Sì,
secondapensione,modulo-adesione,2026-06-29 Informativa idoneità SecondaPensione FPA alla raccolta adesioni automatiche 1 luglio 2026,modulo-adesione.pdf,https://www.secondapensione.it/files/nuxeo/dl/5515c07c-0041-482d-855b-4c9c9c83b207?inline=,https://www.secondapensione.it/informative-01072026,Sì,
secondapensione,modulo-adesione,2026-07-31 Scheda di adesione dipendente,modulo-adesione-2.pdf,https://www.secondapensione.it/files/nuxeo/dl/0434c8e1-6a80-499d-b348-bb1b1bea419c?inline=,https://www.secondapensione.it/regolamento-e-nota-informativa,Sì,
secondapensione,altro,2026-07-02 Informativa nuove prestazioni pensionistiche - Deliberazione COVIP 25 giugno 2026,altro.pdf,https://www.secondapensione.it/files/nuxeo/dl/a20a1add-661c-4f88-9e9b-50b2d4672a58?inline=,https://www.secondapensione.it/informative-01072026,Sì,
secondapensione,altro,2026-07-31 Disposizioni in materia di Organismo di Rappresentanza,altro-2.pdf,https://www.secondapensione.it/files/nuxeo/dl/83016833-4017-4e58-9b87-0fd4124e5d56?inline=,https://www.secondapensione.it/regolamento-e-nota-informativa,Sì,
giustiniano,nota-informativa,Nota Informativa (versione integrale),nota-informativa.pdf,https://www.intesasanpaoloassicurazioni.com/bin/openAssetInline?path=/content/dam/isp_assicurazioni/products/regolamento-e-nota-informativa/005/GIUST_NotaInformativa_03_2026.pdf,,Sì,
giustiniano,scheda-costi,Scheda I Costi - Adesioni Individuali,scheda-costi.pdf,https://www.intesasanpaoloassicurazioni.com/bin/openAssetInline?path=/content/dam/isp_assicurazioni/products/regolamento-e-nota-informativa/005/Giustiniano_Scheda_Costi_03_2026_UA.pdf,,Sì,
giustiniano,supplemento,Supplemento alla Nota Informativa,supplemento.pdf,https://www.intesasanpaoloassicurazioni.com/bin/openAssetInline?path=/content/dam/isp_assicurazioni/products/regolamento-e-nota-informativa/005/GIUST_Supplemento_NI_07_2026.pdf,,Sì,
giustiniano,regolamento,Regolamento,regolamento.pdf,https://www.intesasanpaoloassicurazioni.com/bin/openAssetInline?path=/content/dam/isp_assicurazioni/products/regolamento-e-nota-informativa/005/GIUST_Regolamento_07_2026.pdf,,Sì,
giustiniano,documento-rendite,Documento sulle rendite,documento-rendite.pdf,https://www.intesasanpaoloassicurazioni.com/bin/openAssetInline?path=/content/dam/isp_assicurazioni/products/regolamento-e-nota-informativa/005/GIUST_Documento%20sulle%20rendite_07_2026.pdf,,Sì,
giustiniano,documento-anticipazioni,Documento sulle anticipazioni,documento-anticipazioni.pdf,https://www.intesasanpaoloassicurazioni.com/bin/openAssetInline?path=/content/dam/isp_assicurazioni/products/regolamento-e-nota-informativa/005/Documento%20sulle%20anticipazioni_12_2024_UA.pdf,,Sì,
giustiniano,documento-regime-fiscale,Documento sul regime fiscale,documento-regime-fiscale.pdf,https://www.intesasanpaoloassicurazioni.com/bin/openAssetInline?path=/content/dam/isp_assicurazioni/products/regolamento-e-nota-informativa/Documento_regime_fiscale_07_2026.pdf,,Sì,
giustiniano,documento-politica-investimento,Politica di Investimento,documento-politica-investimento.pdf,https://www.intesasanpaoloassicurazioni.com/bin/openAssetInline?path=/content/dam/isp_assicurazioni/products/altro/005/GIUSTINIANO.pdf,,Sì,
giustiniano,documento-sistema-governo,Documento sul sistema di governo societario,documento-sistema-governo.pdf,https://www.intesasanpaoloassicurazioni.com/bin/openAssetInline?path=/content/dam/isp_assicurazioni/products/altro/005/ISPA_PGG005%202026%20Direttive%20Governo%20Societario_acc%202.pdf,,Sì,
giustiniano,modulo-adesione,Modulo di adesione,modulo-adesione.pdf,https://www.intesasanpaoloassicurazioni.com/bin/openAssetInline?path=/content/dam/isp_assicurazioni/products/regolamento-e-nota-informativa/005/Mod_ISV-GIUADEI_FS_06_2025.pdf,,Sì,
giustiniano,metodologia-proiezioni,Metodologie,metodologia-proiezioni.pdf,https://www.intesasanpaoloassicurazioni.com/bin/openAssetInline?path=/content/dam/isp_assicurazioni/products/informativa-sulla-sostenibilit%C3%A0/005/Metodologie.pdf,,Sì,
giustiniano,metodologia-proiezioni,Limitazione delle Metodologie e dei Dati,metodologia-proiezioni-2.pdf,https://www.intesasanpaoloassicurazioni.com/bin/openAssetInline?path=/content/dam/isp_assicurazioni/products/informativa-sulla-sostenibilit%C3%A0/005/Limitazione%20delle%20metodologie%20e%20dei%20dati.pdf,,Sì,
giustiniano,metodologia-proiezioni,Disposizioni sulle proiezioni pensionistiche,metodologia-proiezioni-3.pdf,https://www.intesasanpaoloassicurazioni.com/bin/openAssetInline?path=/content/dam/isp_assicurazioni/products/altro/005/Documento%20sulle%20proiezioni%20pensionistiche_03_2026_UA.pdf,,Sì,
giustiniano,altro,Strategia di Investimento,altro.pdf,https://www.intesasanpaoloassicurazioni.com/bin/openAssetInline?path=/content/dam/isp_assicurazioni/products/informativa-sulla-sostenibilit%C3%A0/005/Strategia%20di%20investimento.pdf,,Sì,
giustiniano,altro,Politica di impegno e accordi con i gestori di attivi,altro-2.pdf,https://www.intesasanpaoloassicurazioni.com/bin/openAssetInline?path=/content/dam/isp_assicurazioni/products/politica-di-impegno/005/Politica%20di%20impegno%20e%20accordi%20con%20i%20gestori%20di%20attivi.pdf,,Sì,
giustiniano,altro,Disposizioni in materia di Organismo di Rappresentanza,altro-3.pdf,https://www.intesasanpaoloassicurazioni.com/bin/openAssetInline?path=/content/dam/isp_assicurazioni/products/altro/005/Disposizioni%20in%20materia%20di%20Organismo%20di%20Rappresentanza.pdf,,Sì,
programma-open,nota-informativa,Programma Open – Nota Informativa (versione integrale),nota-informativa.pdf,https://cdn.groupama.it/app/uploads/2026/03/NI-Programma-Open_FPA_032026_integrale.pdf,,Sì,
programma-open,scheda-presentazione,Programma Open – Nota Informativa – Scheda “Presentazione”,scheda-presentazione.pdf,https://cdn.groupama.it/app/uploads/2026/03/Parte-I_Presentazione-1.pdf,,Sì,
programma-open,scheda-costi,Programma Open – Nota Informativa – Scheda “I costi”,scheda-costi.pdf,https://cdn.groupama.it/app/uploads/2026/03/Parte-I_I-costi-1.pdf,,Sì,
programma-open,opzioni-investimento,Programma Open – Nota Informativa – Scheda “Le opzioni di investimento”,opzioni-investimento.pdf,https://cdn.groupama.it/app/uploads/2026/03/Parte-II_Le-opzioni-di-investimento.pdf,,Sì,
programma-open,soggetti-coinvolti,Programma Open – Nota Informativa – Scheda “Le informazioni sui soggetti coinvolti”,soggetti-coinvolti.pdf,https://cdn.groupama.it/app/uploads/2026/03/Parte-II_I-soggetti-istitutori.pdf,,Sì,
programma-open,informativa-sostenibilita,Programma Open – Nota Informativa – l’Appendice “Informativa sulla sostenibilità Comparto Azionario Etico”,informativa-sostenibilita.pdf,https://cdn.groupama.it/app/uploads/2026/03/Appendice-sostenibilita_Azionario-Etico.pdf,,Sì,
programma-open,informativa-sostenibilita,Programma Open – Nota Informativa – l’Appendice “Informativa sulla sostenibilità Comparto Bilanciato Etico”,informativa-sostenibilita-2.pdf,https://cdn.groupama.it/app/uploads/2026/03/Appendice-sostenibilita_Bilanciato-Etico.pdf,,Sì,
programma-open,informativa-sostenibilita,Programma Open – Nota Informativa – l’Appendice “Informativa sulla sostenibilità Comparto Nuovo Obbligazionario Etico”,informativa-sostenibilita-3.pdf,https://cdn.groupama.it/app/uploads/2026/03/Appendice-sostenibilita_Obbligazionario-Etico.pdf,,Sì,
programma-open,informativa-sostenibilita,Informativa sulla sostenibilità ai sensi del Regolamento UE 2019/2088,informativa-sostenibilita-4.pdf,https://www.groupama.it/app/uploads/2023/08/Informativa-sulla-sostenibilita-ai-sensi-del-Reg-20192088-Groupama-Assicurazioni-SpA.pdf,,Sì,
programma-open,supplemento,Programma Open – Supplemento Nota Informativa,supplemento.pdf,https://cdn.groupama.it/app/uploads/2026/08/Supplemento-Nota-Informativa-Programma-Open_202607.pdf,,Sì,
programma-open,regolamento,Programma Open – Regolamento,regolamento.pdf,https://cdn.groupama.it/app/uploads/2026/07/Regolamento-Programma-Open_072026.pdf,,Sì,
programma-open,documento-rendite,Programma Open – Documento sulle rendite,documento-rendite.pdf,https://cdn.groupama.it/app/uploads/2026/07/78_Programma-Open-Documento-sulle-rendite_072026.pdf,,Sì,
programma-open,documento-anticipazioni,Programma Open – Documento sulle anticipazioni,documento-anticipazioni.pdf,https://www.groupama.it/app/uploads/2022/06/Documento-sulle-anticipazioni-FPA-062022.pdf,,Sì,
programma-open,documento-regime-fiscale,Programma Open – Documento sul regime fiscale,documento-regime-fiscale.pdf,https://cdn.groupama.it/app/uploads/2026/07/78_Programma-Open-Documento-sul-regime-fiscale_072026.pdf,,Sì,
programma-open,documento-politica-investimento,Programma Open – Documento sulla politica di investimento,documento-politica-investimento.pdf,https://cdn.groupama.it/app/uploads/2024/01/Programma-Open-Documento-sulla-politica-di-investimento.pdf,,Sì,
programma-open,documento-sistema-governo,Programma Open – Documento sul sistema di governo,documento-sistema-governo.pdf,https://cdn.groupama.it/app/uploads/2026/06/Programma-Open_Documento-sul-sistema-di-governo_2026_IT.pdf,,Sì,
programma-open,rendiconto,Programma Open – Rendiconto 2025,rendiconto.pdf,https://cdn.groupama.it/app/uploads/2026/06/Rendiconto_FPA_2025_IT_repaired.pdf,,Sì,
programma-open,modulo-adesione,Programma Open – Modulo di Adesione,modulo-adesione.pdf,https://cdn.groupama.it/app/uploads/2026/03/Modulo-Adesione_Programma-Open_032026.pdf,,Sì,
programma-open,modulo-adesione,Programma Open – Scheda sintetica per adesioni su base collettiva – fascia A,modulo-adesione-2.pdf,https://cdn.groupama.it/app/uploads/2026/03/scheda-sintetica-fascia-A.pdf,,Sì,
programma-open,modulo-adesione,Programma Open – Scheda sintetica per adesioni su base collettiva – fascia B,modulo-adesione-3.pdf,https://cdn.groupama.it/app/uploads/2026/03/scheda-sintetica-fascia-B.pdf,,Sì,
programma-open,modulo-adesione,Programma Open – Scheda sintetica per adesioni su base collettiva – fascia C,modulo-adesione-4.pdf,https://cdn.groupama.it/app/uploads/2026/03/scheda-sintetica-fascia-C.pdf,,Sì,
programma-open,metodologia-proiezioni,Programma Open – Nota metodologica per l’elaborazione delle prestazioni pensionistiche,metodologia-proiezioni.pdf,https://www.groupama.it/app/uploads/2021/09/Nota-metodologica-per-lelaborazione-delle-proiezioni-pensionistiche-Programma-Open.pdf,,Sì,
programma-open,altro,Nuove modalità di erogazione delle prestazioni pensionistiche – a decorrere dal 1° luglio 2026,altro.pdf,https://cdn.groupama.it/app/uploads/2026/07/Programma-Open-78_Informativa-nuove-prestazioni.pdf,,Sì,
programma-open,altro,Politica di impegno 2022,altro-2.pdf,https://www.groupama.it/app/uploads/2022/12/Politica-di-Impegno-Groupama-Assicurazioni.pdf,,Sì,
programma-open,altro,Comunicato sulla politica di impegno 2026,altro-3.pdf,https://cdn.groupama.it/app/uploads/2026/03/Politica-di-Impegno_agg-2026.pdf,,Sì,
il-mio-domani,nota-informativa,Nota Informativa (versione integrale),nota-informativa.pdf,https://www.intesasanpaoloassicurazioni.com/bin/openAssetInline?path=/content/dam/isp_assicurazioni/products/regolamento-e-nota-informativa/006/IMD%20Nota%20Informativa%2031%2003%202026%20UA.pdf,https://www.intesasanpaoloassicurazioni.com/it/prodotti-e-rendimenti/pensione-integrativa/il-mio-domani.html,No,
il-mio-domani,scheda-costi,Scheda I Costi Individuali,scheda-costi.pdf,https://www.intesasanpaoloassicurazioni.com/bin/openAssetInline?path=/content/dam/isp_assicurazioni/products/regolamento-e-nota-informativa/006/Scheda%20I%20Costi%20Il%20Mio%20Domani%2003-2026%20UA.pdf,https://www.intesasanpaoloassicurazioni.com/it/prodotti-e-rendimenti/pensione-integrativa/il-mio-domani.html,No,
il-mio-domani,scheda-costi,Scheda I Costi - Giovani,scheda-costi-2.pdf,https://www.intesasanpaoloassicurazioni.com/bin/openAssetInline?path=/content/dam/isp_assicurazioni/products/regolamento-e-nota-informativa/006/Scheda%20I%20Costi%20Giovani%20Il%20Mio%20Domani%2003-2026-UA.pdf,https://www.intesasanpaoloassicurazioni.com/it/prodotti-e-rendimenti/pensione-integrativa/il-mio-domani.html,No,
il-mio-domani,supplemento,Supplemento alla Nota Informativa,supplemento.pdf,https://www.intesasanpaoloassicurazioni.com/bin/openAssetInline?path=/content/dam/isp_assicurazioni/products/regolamento-e-nota-informativa/006/IMD_Supplemento_NI_07_2026.pdf,https://www.intesasanpaoloassicurazioni.com/it/prodotti-e-rendimenti/pensione-integrativa/il-mio-domani.html,No,
il-mio-domani,supplemento,Supplemento alla Nota Informativa,supplemento-2.pdf,https://www.intesasanpaoloassicurazioni.com/bin/openAssetInline?path=/content/dam/isp_assicurazioni/products/regolamento-e-nota-informativa/006/IMD_SupplementoNI_15_07_2026.pdf,https://www.intesasanpaoloassicurazioni.com/it/prodotti-e-rendimenti/pensione-integrativa/il-mio-domani.html,No,
il-mio-domani,regolamento,Regolamento,regolamento.pdf,https://www.intesasanpaoloassicurazioni.com/bin/openAssetInline?path=/content/dam/isp_assicurazioni/products/regolamento-e-nota-informativa/006/IMD_Regolamento_07_2026.pdf,https://www.intesasanpaoloassicurazioni.com/it/prodotti-e-rendimenti/pensione-integrativa/il-mio-domani.html,No,
il-mio-domani,documento-rendite,Documento sulle rendite,documento-rendite.pdf,https://www.intesasanpaoloassicurazioni.com/bin/openAssetInline?path=/content/dam/isp_assicurazioni/products/regolamento-e-nota-informativa/006/IMD_Documento%20sulle%20Rendite_07_2026.pdf,https://www.intesasanpaoloassicurazioni.com/it/prodotti-e-rendimenti/pensione-integrativa/il-mio-domani.html,No,
il-mio-domani,documento-anticipazioni,Documento sulle anticipazioni,documento-anticipazioni.pdf,https://www.intesasanpaoloassicurazioni.com/bin/openAssetInline?path=/content/dam/isp_assicurazioni/products/regolamento-e-nota-informativa/006/Documento%20sulle%20anticipazioni_12_2024_UA.pdf,https://www.intesasanpaoloassicurazioni.com/it/prodotti-e-rendimenti/pensione-integrativa/il-mio-domani.html,No,
il-mio-domani,documento-regime-fiscale,Documento sul regime fiscale,documento-regime-fiscale.pdf,https://www.intesasanpaoloassicurazioni.com/bin/openAssetInline?path=/content/dam/isp_assicurazioni/products/regolamento-e-nota-informativa/Documento_regime_fiscale_07_2026.pdf,https://www.intesasanpaoloassicurazioni.com/it/prodotti-e-rendimenti/pensione-integrativa/il-mio-domani.html,No,
il-mio-domani,documento-politica-investimento,Politica di Investimento,documento-politica-investimento.pdf,https://www.intesasanpaoloassicurazioni.com/bin/openAssetInline?path=/content/dam/isp_assicurazioni/products/altro/006/Politica%20di%20Investimento.pdf,https://www.intesasanpaoloassicurazioni.com/it/prodotti-e-rendimenti/pensione-integrativa/il-mio-domani.html,No,
il-mio-domani,documento-sistema-governo,Documento sul sistema di governo societario,documento-sistema-governo.pdf,https://www.intesasanpaoloassicurazioni.com/bin/openAssetInline?path=/content/dam/isp_assicurazioni/products/altro/006/ISPA_PGG005%202026%20Direttive%20Governo%20Societario_acc%202.pdf,https://www.intesasanpaoloassicurazioni.com/it/prodotti-e-rendimenti/pensione-integrativa/il-mio-domani.html,No,
il-mio-domani,modulo-adesione,Modulo di adesione,modulo-adesione.pdf,https://www.intesasanpaoloassicurazioni.com/bin/openAssetInline?path=/content/dam/isp_assicurazioni/products/regolamento-e-nota-informativa/006/IMD_ModuloAdesioneIND_FS_06_2025_.pdf,https://www.intesasanpaoloassicurazioni.com/it/prodotti-e-rendimenti/pensione-integrativa/il-mio-domani.html,No,
il-mio-domani,metodologia-proiezioni,Metodologie,metodologia-proiezioni.pdf,https://www.intesasanpaoloassicurazioni.com/bin/openAssetInline?path=/content/dam/isp_assicurazioni/products/informativa-sulla-sostenibilit%C3%A0/006/Metodologie.pdf,https://www.intesasanpaoloassicurazioni.com/it/prodotti-e-rendimenti/pensione-integrativa/il-mio-domani.html,No,
il-mio-domani,metodologia-proiezioni,Limitazione delle Metodologie e dei Dati,metodologia-proiezioni-2.pdf,https://www.intesasanpaoloassicurazioni.com/bin/openAssetInline?path=/content/dam/isp_assicurazioni/products/informativa-sulla-sostenibilit%C3%A0/006/Limitazione%20delle%20metodologie%20e%20dei%20dati.pdf,https://www.intesasanpaoloassicurazioni.com/it/prodotti-e-rendimenti/pensione-integrativa/il-mio-domani.html,No,
il-mio-domani,metodologia-proiezioni,Disposizioni sulle proiezioni pensionistiche,metodologia-proiezioni-3.pdf,https://www.intesasanpaoloassicurazioni.com/bin/openAssetInline?path=/content/dam/isp_assicurazioni/products/altro/006/Documento%20sulle%20proiezioni%20pensionistiche_03_2026_UA.pdf,https://www.intesasanpaoloassicurazioni.com/it/prodotti-e-rendimenti/pensione-integrativa/il-mio-domani.html,No,
il-mio-domani,altro,Strategia di Investimento,altro.pdf,https://www.intesasanpaoloassicurazioni.com/bin/openAssetInline?path=/content/dam/isp_assicurazioni/products/informativa-sulla-sostenibilit%C3%A0/006/Strategia%20di%20investimento.pdf,https://www.intesasanpaoloassicurazioni.com/it/prodotti-e-rendimenti/pensione-integrativa/il-mio-domani.html,No,
il-mio-domani,altro,Politica di impegno e accordi con i gestori di attivi,altro-2.pdf,https://www.intesasanpaoloassicurazioni.com/bin/openAssetInline?path=/content/dam/isp_assicurazioni/products/politica-di-impegno/006/Politica%20di%20impegno%20e%20accordi%20con%20i%20gestori%20di%20attivi.pdf,https://www.intesasanpaoloassicurazioni.com/it/prodotti-e-rendimenti/pensione-integrativa/il-mio-domani.html,No,
azimut-previdenza,nota-informativa,2026.04 AZIMUT PREVIDENZA - NOTA INFORMATIVA - COMPLETA,nota-informativa.pdf,https://www.azimut.it/archives/2026-04-azimut-previdenza-nota-informativa-completa,https://www.azimut.it/prodotti-previdenziali/azimut-previdenza,No,
azimut-previdenza,scheda-presentazione,2026.04 AZIMUT PREVIDENZA - NOTA INFORMATIVA - Parte I Scheda Presentazione,scheda-presentazione.pdf,https://www.azimut.it/archives/2026-04-azimut-previdenza-nota-informativa-parte-i-scheda-presentazione,https://www.azimut.it/prodotti-previdenziali/azimut-previdenza,No,
azimut-previdenza,scheda-costi,2026.04 AZIMUT PREVIDENZA - NOTA INFORMATIVA - Parte I Scheda I Costi - adesione individuale,scheda-costi.pdf,https://www.azimut.it/archives/2026-04-azimut-previdenza-nota-informativa-parte-i-scheda-i-costi-adesione-individuale,https://www.azimut.it/prodotti-previdenziali/azimut-previdenza,No,
azimut-previdenza,scheda-costi,2026.04 AZIMUT PREVIDENZA - NOTA INFORMATIVA - Parte I Scheda I Costi - adesione collettiva,scheda-costi-2.pdf,https://www.azimut.it/archives/2026-04-azimut-previdenza-nota-informativa-parte-i-scheda-i-costi-adesione-collettiva,https://www.azimut.it/prodotti-previdenziali/azimut-previdenza,No,
azimut-previdenza,opzioni-investimento,2026.04 AZIMUT PREVIDENZA - NOTA INFORMATIVA - Parte II Scheda Le Opzioni di Investimento,opzioni-investimento.pdf,https://www.azimut.it/archives/2026-04-azimut-previdenza-nota-informativa-parte-ii-scheda-le-opzioni-di-investimento,https://www.azimut.it/prodotti-previdenziali/azimut-previdenza,No,
azimut-previdenza,soggetti-coinvolti,2026.04 AZIMUT PREVIDENZA - NOTA INFORMATIVA - Parte II Scheda Le Informazioni sui Soggetti Coinvolti,soggetti-coinvolti.pdf,https://www.azimut.it/archives/2026-04-azimut-previdenza-nota-informativa-parte-ii-scheda-le-informazioni-sui-soggetti-coinvolti,https://www.azimut.it/prodotti-previdenziali/azimut-previdenza,No,
azimut-previdenza,informativa-sostenibilita,2026.04 AZIMUT PREVIDENZA - NOTA INFORMATIVA - Appendice Sostenibilità,informativa-sostenibilita.pdf,https://www.azimut.it/archives/2026-04-azimut-previdenza-nota-informativa-appendice-sostenibilita,https://www.azimut.it/prodotti-previdenziali/azimut-previdenza,No,
azimut-previdenza,supplemento,2026.07 AZIMUT PREVIDENZA - NOTA INFORMATIVA - Supplemento,supplemento.pdf,https://www.azimut.it/archives/2026-07-azimut-previdenza-nota-informativa-supplemento,https://www.azimut.it/prodotti-previdenziali/azimut-previdenza,No,
azimut-previdenza,regolamento,2025.07 AZIMUT PREVIDENZA - REGOLAMENTO,regolamento.pdf,https://www.azimut.it/archives/azimut-previdenza-regolamento-di-gestione,https://www.azimut.it/prodotti-previdenziali/azimut-previdenza,No,
azimut-previdenza,documento-rendite,Azimut Previdenza - Documento sulle rendite valido dal 01-01-2025 (aggiornamento 31.7.26),documento-rendite.pdf,https://www.azimut.it/archives/azimut-previdenza-documento-sulle-rendite-valido-dal-01-01-2025,https://www.azimut.it/prodotti-previdenziali/azimut-previdenza,No,
azimut-previdenza,documento-anticipazioni,Documento sulle anticipazioni,documento-anticipazioni.pdf,https://www.azimut.it/archives/documento-sulle-anticipazioni,https://www.azimut.it/prodotti-previdenziali/azimut-previdenza,No,
azimut-previdenza,documento-regime-fiscale,Documento sul regime fiscale,documento-regime-fiscale.pdf,https://www.azimut.it/archives/documento-sul-regime-fiscale,https://www.azimut.it/prodotti-previdenziali/azimut-previdenza,No,
azimut-previdenza,documento-politica-investimento,2025.10 Azimut Previdenza - Documento sulla Politica di Investimento,documento-politica-investimento.pdf,https://www.azimut.it/archives/azimut-previdenza-documento-sulla-politica-di-investimento,https://www.azimut.it/prodotti-previdenziali/azimut-previdenza,No,
azimut-previdenza,documento-sistema-governo,DOCUMENTO SUL SISTEMA DI GOVERNO SOCIETARIO AFFERENTE ALLA GESTIONE DEI FONDI PENSIONE APERTI,documento-sistema-governo.pdf,https://www.azimut.it/archives/documento-sul-sistema-di-governo-societario-afferente-alla-gestione-dei-fondi-pensione-aperti,https://www.azimut.it/prodotti-previdenziali/azimut-previdenza,No,
azimut-previdenza,rendiconto,Azimut Previdenza - Rendiconto 2025,rendiconto.pdf,https://www.azimut.it/archives/azimut-previdenza-rendiconto-2025,https://www.azimut.it/prodotti-previdenziali/azimut-previdenza,No,
azimut-previdenza,modulo-adesione,AZIMUT PREVIDENZA - MODULO ADESIONE - FACSIMILE,modulo-adesione.pdf,https://www.azimut.it/archives/azimut-previdenza-modulo-adesione-facsimile,https://www.azimut.it/prodotti-previdenziali/azimut-previdenza,No,
azimut-previdenza,metodologia-proiezioni,Metodologia di calcolo per l’elaborazione delle prestazioni pensionistiche,metodologia-proiezioni.pdf,https://www.azimut.it/archives/metodologia-di-calcolo-per-l-elaborazione-delle-prestazioni-pensionistiche,https://www.azimut.it/prodotti-previdenziali/azimut-previdenza,No,
azimut-previdenza,altro,Azimut Previdenza - Informativa su Nuove Prestazioni,altro.pdf,https://www.azimut.it/archives/azimut-previdenza-informativa-su-nuove-prestazioni,https://www.azimut.it/prodotti-previdenziali/azimut-previdenza,No,
azimut-previdenza,altro,"Informativa sulle modalità di attuazione della Politica di impegno ai sensi dell'art. 124 quinquies, comma 2, del Testo unico della Finanza",altro-2.pdf,https://www.azimut.it/archives/informativa-politica-impegno-febbraio-2025,https://www.azimut.it/prodotti-previdenziali/azimut-previdenza,No,
azimut-previdenza,altro,"Informativa sulle modalità di attuazione della Politica di impegno ai sensi dell'art. 124 quinquies, comma 2, del Testo unico della Finanza",altro-3.pdf,https://www.azimut.it/archives/informativa-politica-impegno-febbraio-2026,https://www.azimut.it/prodotti-previdenziali/azimut-previdenza,No,
azimut-previdenza,altro,Politica di impegno,altro-4.pdf,https://www.azimut.it/archives/politica-di-impegno,https://www.azimut.it/prodotti-previdenziali/azimut-previdenza,No,
azimut-previdenza,nota-fondo,L'URL azimutwm.it dell'elenco non esiste più: i documenti vengono dalla pagina del fondo su azimut.it.,,,,,
azione-di-previdenza,scheda-presentazione,Nota Informativa - Parte I Le informazioni chiave per l'Aderente. Scheda PRESENTAZIONE,scheda-presentazione.pdf,https://hdiassicurazioni.youser.tech/upl/documents/prodotti/azione-di-previdenza/PARTE_I_SCHEDA_PRESENTAZIONE_07-2026_def.pdf,,Sì,
azione-di-previdenza,scheda-costi,Nota Informativa - Parte I Le informazioni chiave per l'Aderente. Scheda I COSTI ADESIONE INDIVIDUALE,scheda-costi.pdf,https://hdiassicurazioni.youser.tech/upl/documents/prodotti/azione-di-previdenza/PARTE_I_SCHEDA_I_COSTI_07-2026_def.pdf,,Sì,
azione-di-previdenza,scheda-costi,Nota Informativa - Parte I Le informazioni chiave per l'Aderente. Scheda I COSTI ADESIONE COLLETTIVA,scheda-costi-2.pdf,https://hdiassicurazioni.youser.tech/upl/documents/prodotti/azione-di-previdenza/PARTE_I_SCHEDA_I_COSTI_per_adesione_su_base_collettiva_07-2026_def.pdf,,Sì,
azione-di-previdenza,opzioni-investimento,Nota Informativa - Parte II Le informazioni integrative. Scheda LE OPZIONI DI INVESTIMENTO,opzioni-investimento.pdf,https://hdiassicurazioni.youser.tech/upl/documents/prodotti/azione-di-previdenza/PARTE_II_SCHEDA_LE_OPZIONI_DI_INVESTIMENTO_07-2026_def.pdf,,Sì,
azione-di-previdenza,soggetti-coinvolti,Nota Informativa - Parte II Le informazioni integrative. Scheda LE INFORMAZIONI SUI SOGGETTI COINVOLTI,soggetti-coinvolti.pdf,https://hdiassicurazioni.youser.tech/upl/documents/prodotti/azione-di-previdenza/PARTE_II_SCHEDA_LE_INFORMAZIONI_SUI_SOGGETTI_COINVOLTI_07-2026_def.pdf,,Sì,
azione-di-previdenza,informativa-sostenibilita,Informativa sulla sostenibilità,informativa-sostenibilita.pdf,https://hdiassicurazioni.youser.tech/upl/documents/prodotti/azione-di-previdenza/altri-documenti/Informativa_sulla_sostenibilita_Fondo_Pensione_Aperto_v1.1.pdf,,Sì,
azione-di-previdenza,informativa-sostenibilita,Nota Informativa - Appendice INFORMATIVA SULLA SOSTENIBILITA',informativa-sostenibilita-2.pdf,https://hdiassicurazioni.youser.tech/upl/documents/prodotti/azione-di-previdenza/Appendice_Informativa_sulla_Sostenibilita_FPA_07-2026_def.pdf,,Sì,
azione-di-previdenza,supplemento,Nota Informativa integrale,supplemento.pdf,https://hdiassicurazioni.youser.tech/upl/documents/prodotti/azione-di-previdenza/Azione_di_Previdenza_Nota_Informativa_Integrale_con_supplemento_06-2026.pdf,,Sì,
azione-di-previdenza,supplemento,Supplemento alla Nota informativa - Parte I Le informazioni chiave per l'Aderente,supplemento-2.pdf,https://hdiassicurazioni.youser.tech/upl/documents/prodotti/azione-di-previdenza/Supplemento_FPA_07-2026.pdf,,Sì,
azione-di-previdenza,regolamento,Regolamento,regolamento.pdf,https://hdiassicurazioni.youser.tech/upl/documents/prodotti/azione-di-previdenza/Azione_di_Previdenza_Regolamento_07-2026_def.pdf,,Sì,
azione-di-previdenza,documento-rendite,Documento sulle Rendite,documento-rendite.pdf,https://hdiassicurazioni.youser.tech/upl/documents/prodotti/azione-di-previdenza/Azione_di_Previdenza_documento_sulle_rendite_FPA_07-2026_def.pdf,,Sì,
azione-di-previdenza,documento-anticipazioni,Documento sulle Anticipazioni,documento-anticipazioni.pdf,https://hdiassicurazioni.youser.tech/upl/documents/prodotti/azione-di-previdenza/Azione_di_Previdenza_documento_sulle_anticipazioni_FPA_07-2026.pdf,,Sì,
azione-di-previdenza,documento-regime-fiscale,Documento sul Regime Fiscale,documento-regime-fiscale.pdf,https://hdiassicurazioni.youser.tech/upl/documents/prodotti/azione-di-previdenza/Azione_di_Previdenza_documento_sul_regime_fiscale_FPA_07-2026.pdf,,Sì,
azione-di-previdenza,documento-sistema-governo,Documento sul Sistema di Governo - Corporate Governance,documento-sistema-governo.pdf,https://hdiassicurazioni.youser.tech/upl/documents/prodotti/azione-di-previdenza/altri-documenti/Doc_sistgov_FA-2023.pdf,,Sì,
azione-di-previdenza,rendiconto,Bilancio / Rendiconto del Fondo e relative relazioni,rendiconto.pdf,https://hdiassicurazioni.youser.tech/upl/documents/prodotti/azione-di-previdenza/altri-documenti/HDI_Assicurazioni_Fascicolo_Bilancio_fondo_pensione_2025.pdf,,Sì,
azione-di-previdenza,modulo-adesione,Modulo di Adesione,modulo-adesione.pdf,https://hdiassicurazioni.youser.tech/upl/documents/prodotti/azione-di-previdenza/Azione_di_Previdenza_Modulo_di_adesione_06-2026_def.pdf,,Sì,
azione-di-previdenza,metodologia-proiezioni,Metodologia utilizzata per l'elaborazione delle proiezioni pensionistiche,metodologia-proiezioni.pdf,https://hdiassicurazioni.youser.tech/upl/documents/prodotti/azione-di-previdenza/altri-documenti/Azione_di_Previdenza_Metodologia_utilizzata_per_elaborazione_delle_proiezioni_pensionistiche_07-2026_def.pdf,,Sì,
azione-di-previdenza,altro,Disposizioni in materia di Organismo di Rappresentanza,altro.pdf,https://hdiassicurazioni.youser.tech/upl/documents/prodotti/azione-di-previdenza/altri-documenti/Disposizioni_in_materia_di_ODR-FPA_def_03-2026.pdf,,Sì,
cnp,nota-informativa,Nota Informativa valida dal 06/10/2026,nota-informativa.pdf,https://gruppocnp.it/sites/default/files/FPA_CNP_Nota_Informativa_valida_dal_06102026.pdf,https://gruppocnp.it/prodotti/fondo-pensione-aperto/fondo-pensione-aperto-cnp#,Sì,
cnp,scheda-presentazione,Parte I – scheda “Presentazione” valido dal 31/07/2026,scheda-presentazione.pdf,https://gruppocnp.it/sites/default/files/FPA_CNP_Parte_I_Presentazione_valido_dal_31072026.pdf,https://gruppocnp.it/prodotti/fondo-pensione-aperto/fondo-pensione-aperto-cnp#,Sì,
cnp,scheda-costi,Parte I – scheda “I costi” valida dal 31/03/2026,scheda-costi.pdf,https://gruppocnp.it/sites/default/files/FPA_CNP_Parte_I_i_costi_032026_valido_dal_31032026.pdf,https://gruppocnp.it/prodotti/fondo-pensione-aperto/fondo-pensione-aperto-cnp#,Sì,
cnp,opzioni-investimento,Parte II – scheda “Le opzioni di investimento” valida dal 06/10/2026,opzioni-investimento.pdf,https://gruppocnp.it/sites/default/files/FPA_CNP_Parte_II_le_opzioni_di_investimento_valida_dal_06102026.pdf,https://gruppocnp.it/prodotti/fondo-pensione-aperto/fondo-pensione-aperto-cnp#,Sì,
cnp,soggetti-coinvolti,Parte II – scheda “Le informazioni sui soggetti coinvolti” valido dal 31/03/2026,soggetti-coinvolti.pdf,https://gruppocnp.it/sites/default/files/FPA_CNP_Parte_II_le_informazioni_sui_soggetti_032026_valido_dal_31032026.pdf,https://gruppocnp.it/prodotti/fondo-pensione-aperto/fondo-pensione-aperto-cnp#,Sì,
cnp,informativa-sostenibilita,Appendice informativa sulla sostenibilità valido dal 22/09/2025,informativa-sostenibilita.pdf,https://gruppocnp.it/sites/default/files/FPACNP_Appendicesostenibilita_092025_valido_dal_22092025_0.pdf,https://gruppocnp.it/prodotti/fondo-pensione-aperto/fondo-pensione-aperto-cnp#,Sì,
cnp,supplemento,Supplemento alla nota informativa valido dal 31/07/2026,supplemento.pdf,https://gruppocnp.it/sites/default/files/Supplemento_nota_informativa_prestazioni_FPA_valido_dal_31072026.pdf,https://gruppocnp.it/prodotti/fondo-pensione-aperto/fondo-pensione-aperto-cnp#,Sì,
cnp,regolamento,Regolamento valido dal 31/07/2026,regolamento.pdf,https://gruppocnp.it/sites/default/files/FPA%20CNP_REGOLAMENTO_072026.pdf,https://gruppocnp.it/prodotti/fondo-pensione-aperto/fondo-pensione-aperto-cnp#,Sì,
cnp,documento-rendite,Documento sulle rendite valido dal 31/07/2026,documento-rendite.pdf,https://gruppocnp.it/sites/default/files/FPA%20CNP_Documento%20sulle%20Rendite_99247_072026_def.pdf,https://gruppocnp.it/prodotti/fondo-pensione-aperto/fondo-pensione-aperto-cnp#,Sì,
cnp,documento-anticipazioni,Documento sulle anticipazioni valido dal 31/07/2026,documento-anticipazioni.pdf,https://gruppocnp.it/sites/default/files/FPA%20CNP_DocuAnticipazioni_99290_072026.pdf,https://gruppocnp.it/prodotti/fondo-pensione-aperto/fondo-pensione-aperto-cnp#,Sì,
cnp,documento-regime-fiscale,Documento sul regime fiscale valido dal 31/07/2026,documento-regime-fiscale.pdf,https://gruppocnp.it/sites/default/files/FPA%20CNP_Reg%20Fiscale_99289_072026_def.pdf,https://gruppocnp.it/prodotti/fondo-pensione-aperto/fondo-pensione-aperto-cnp#,Sì,
cnp,documento-politica-investimento,Documento sulla politica di investimento valido dal 24/09/2026,documento-politica-investimento.pdf,https://gruppocnp.it/sites/default/files/DPI_FPA_CNP_Albo_115_092026.pdf,https://gruppocnp.it/prodotti/fondo-pensione-aperto/fondo-pensione-aperto-cnp#,Sì,
cnp,rendiconto,Rendiconto al 31/12/2025,rendiconto.pdf,https://gruppocnp.it/sites/default/files/RENDICONTO_AL_31.12.2025_valido_dal_31032026.pdf,https://gruppocnp.it/prodotti/fondo-pensione-aperto/fondo-pensione-aperto-cnp#,Sì,
cnp,modulo-adesione,Modulo di adesione - Agenti valido dal 31/03/2026,modulo-adesione.pdf,https://gruppocnp.it/sites/default/files/Mod_99287_Agenti_FS_valido_dal_31032026.pdf,https://gruppocnp.it/prodotti/fondo-pensione-aperto/fondo-pensione-aperto-cnp#,Sì,
cnp,modulo-adesione,Modulo di adesione - banche valido dal 31/03/2026,modulo-adesione-2.pdf,https://gruppocnp.it/sites/default/files/Mod_99287_Banche_FS_valido_dal_31032026.pdf,https://gruppocnp.it/prodotti/fondo-pensione-aperto/fondo-pensione-aperto-cnp#,Sì,
cnp,metodologia-proiezioni,Nota metodologica per il calcolo della rendita valido dal 22/09/2025,metodologia-proiezioni.pdf,https://gruppocnp.it/sites/default/files/Info_per_il_calcolo_delle_rendite_standard_da_pubblicare_sul_sito__generico__012024_valido_dal_22092025.pdf,https://gruppocnp.it/prodotti/fondo-pensione-aperto/fondo-pensione-aperto-cnp#,Sì,
insieme,nota-informativa,Nota Informativa Insieme - Data edizione 28/09/2026,,https://www.allianz.it/content/dam/onemarketing/azit/allianz-it/le-soluzioni-per-te/previdenza/nota-informativa-insieme.pdf,,Sì,Il sito del gestore rifiuta i download automatici (HTTP 403): si scarica dal browser.
insieme,nota-informativa,"Parte I ""Le Informazioni chiave per l'aderente"" - Data edizione 28/09/2026",,https://www.allianz.it/content/dam/onemarketing/azit/allianz-it/le-soluzioni-per-te/previdenza/informazioni-chiave-aderente-insieme.pdf,,Sì,Il sito del gestore rifiuta i download automatici (HTTP 403): si scarica dal browser.
insieme,scheda-presentazione,"Scheda ""Presentazione"" - Data edizione 28/09/2026",,https://www.allianz.it/content/dam/onemarketing/azit/allianz-it/le-soluzioni-per-te/previdenza/presentazione-insieme.pdf,,Sì,Il sito del gestore rifiuta i download automatici (HTTP 403): si scarica dal browser.
insieme,scheda-costi,"Scheda ""I costi"" - Data edizione 28/09/2026",,https://www.allianz.it/content/dam/onemarketing/azit/allianz-it/le-soluzioni-per-te/previdenza/costi-insieme.pdf,,Sì,Il sito del gestore rifiuta i download automatici (HTTP 403): si scarica dal browser.
insieme,opzioni-investimento,"Scheda ""Le opzioni di investimento"" - Data edizione 28/09/2026",,https://www.allianz.it/content/dam/onemarketing/azit/allianz-it/le-soluzioni-per-te/previdenza/opzioni-investimento-insieme.pdf,,Sì,Il sito del gestore rifiuta i download automatici (HTTP 403): si scarica dal browser.
insieme,soggetti-coinvolti,"Scheda ""Le informazioni sui soggetti coinvolti"" - Data edizione 28/09/2026",,https://www.allianz.it/content/dam/onemarketing/azit/allianz-it/le-soluzioni-per-te/previdenza/informazioni-soggetti-coinvolti-insieme.pdf,,Sì,Il sito del gestore rifiuta i download automatici (HTTP 403): si scarica dal browser.
insieme,informativa-sostenibilita,Appendice Informativa sulla sostenibilità Insieme ediz. 28/09/2026,,https://www.allianz.it/content/dam/onemarketing/azit/allianz-it/le-soluzioni-per-te/previdenza/informativa-sostenibilita-insieme.pdf,,Sì,Il sito del gestore rifiuta i download automatici (HTTP 403): si scarica dal browser.
insieme,supplemento,Supplemento Nota Informativa Insieme - Data edizione 16/09/2026,,https://www.allianz.it/content/dam/onemarketing/azit/allianz-it/le-soluzioni-per-te/previdenza/supplemento-nota-informativa-insieme.pdf,,Sì,Il sito del gestore rifiuta i download automatici (HTTP 403): si scarica dal browser.
insieme,regolamento,Regolamento Insieme - Data edizione 31/07/2026,,https://www.allianz.it/content/dam/onemarketing/azit/allianz-it/le-soluzioni-per-te/previdenza/regolamento-insieme.pdf,,Sì,Il sito del gestore rifiuta i download automatici (HTTP 403): si scarica dal browser.
insieme,documento-rendite,Documento sulle rendite - Data edizione 31/07/2026,,https://www.allianz.it/content/dam/onemarketing/azit/allianz-it/le-soluzioni-per-te/previdenza/documento-rendite-insieme.pdf,,Sì,Il sito del gestore rifiuta i download automatici (HTTP 403): si scarica dal browser.
insieme,documento-regime-fiscale,Documento sul Regime Fiscale Insieme - Data edizione 31/07/2026,,https://www.allianz.it/content/dam/onemarketing/azit/allianz-it/le-soluzioni-per-te/previdenza/regime-fiscale-insieme.pdf,,Sì,Il sito del gestore rifiuta i download automatici (HTTP 403): si scarica dal browser.
insieme,documento-politica-investimento,Documento sulla Politica d'Investimento - Data edizione 11/12/2025,,https://www.allianz.it/content/dam/onemarketing/azit/allianz-it/le-soluzioni-per-te/previdenza/documento-politica-investimento-insieme.pdf,,Sì,Il sito del gestore rifiuta i download automatici (HTTP 403): si scarica dal browser.
insieme,documento-sistema-governo,Documento sul sistema di governo - Data edizione 19/03/2026,,https://www.allianz.it/content/dam/onemarketing/azit/allianz-it/le-soluzioni-per-te/previdenza/documento-governo-societario-allianz-previdenza-insieme.pdf,,Sì,Il sito del gestore rifiuta i download automatici (HTTP 403): si scarica dal browser.
insieme,rendiconto,Effetti della Legge di Bilancio 2026 (ed. 07/2026),,https://www.allianz.it/content/dam/onemarketing/azit/allianz-it/le-soluzioni-per-te/previdenza/effetti-legge-bilancio-2026.pdf,,Sì,Il sito del gestore rifiuta i download automatici (HTTP 403): si scarica dal browser.
insieme,rendiconto,Rendiconto Insieme - Data edizione 19/03/2026,,https://www.allianz.it/content/dam/onemarketing/azit/allianz-it/le-soluzioni-per-te/previdenza/rendiconto-insieme.pdf,,Sì,Il sito del gestore rifiuta i download automatici (HTTP 403): si scarica dal browser.
insieme,modulo-adesione,Modulo di adesione fac-simile - Data edizione 31/03/2025,,https://www.allianz.it/content/dam/onemarketing/azit/allianz-it/le-soluzioni-per-te/previdenza/fac-simile-modulo-adesione-insieme.pdf,,Sì,Il sito del gestore rifiuta i download automatici (HTTP 403): si scarica dal browser.
insieme,metodologia-proiezioni,Metodologia e ipotesi utilizzate per il calcolo delle proiezioni pensionistiche - Data edizione 31/05/2021,,https://www.allianz.it/content/dam/onemarketing/azit/allianz-it/le-soluzioni-per-te/previdenza/metodologia-ipotesi-calcolo-proiezioni-pensionistiche.pdf,,Sì,Il sito del gestore rifiuta i download automatici (HTTP 403): si scarica dal browser.
insieme,altro,Informazioni in materia di trasparenza della politica di impegno e degli elementi della strategia di investimento azionario - Data edizione 28/02/2021,,https://www.allianz.it/content/dam/onemarketing/azit/allianz-it/chi-siamo/governance/AZ_Informativa_SRD_II_con_FPA_02-2021.pdf,,Sì,Il sito del gestore rifiuta i download automatici (HTTP 403): si scarica dal browser.
bim-vita,nota-informativa,Nota Informativa completa,nota-informativa.pdf,https://www.unipol.it/content/dam/unipol/documents/italiano/privati/previdenza-e-risparmio/previdenza/fondo-pensione-aperto-bv/documentazione/c1-fpa-bv-ni-supp-2026-07-v2.pdf,https://www.unipol.it/fragments/dialogs/privati/previdenza-e-risparmio/previdenza/fondo-pensione-aperto-bv/documentazione,Sì,
bim-vita,scheda-presentazione,Nota Informativa - Scheda “Presentazione”,scheda-presentazione.pdf,https://www.unipol.it/content/dam/unipol/documents/italiano/privati/previdenza-e-risparmio/previdenza/fondo-pensione-aperto-bv/documentazione/c1-fpa-bv-ni-skp-2026-07.pdf,https://www.unipol.it/fragments/dialogs/privati/previdenza-e-risparmio/previdenza/fondo-pensione-aperto-bv/documentazione,Sì,
bim-vita,scheda-costi,Scheda “I costi”,scheda-costi.pdf,https://www.unipol.it/content/dam/unipol/documents/italiano/privati/previdenza-e-risparmio/previdenza/fondo-pensione-aperto-bv/documentazione/b-fpa-bv-skcosti-2026-07.pdf,https://www.unipol.it/fragments/dialogs/privati/previdenza-e-risparmio/previdenza/fondo-pensione-aperto-bv/documentazione,Sì,
bim-vita,opzioni-investimento,Nota Informativa - Scheda “Le opzioni di investimento”,opzioni-investimento.pdf,https://www.unipol.it/content/dam/unipol/documents/italiano/privati/previdenza-e-risparmio/previdenza/fondo-pensione-aperto-bv/documentazione/c1-fpa-bv-ni-skoi-2026-07.pdf,https://www.unipol.it/fragments/dialogs/privati/previdenza-e-risparmio/previdenza/fondo-pensione-aperto-bv/documentazione,Sì,
bim-vita,soggetti-coinvolti,Nota Informativa - Scheda “Le informazioni sui soggetti coinvolti”,soggetti-coinvolti.pdf,https://www.unipol.it/content/dam/unipol/documents/italiano/privati/previdenza-e-risparmio/previdenza/fondo-pensione-aperto-bv/documentazione/c1-fpa-bv-ni-sksc-2026-07.pdf,https://www.unipol.it/fragments/dialogs/privati/previdenza-e-risparmio/previdenza/fondo-pensione-aperto-bv/documentazione,Sì,
bim-vita,informativa-sostenibilita,Nota Informativa Appendice – Appendice “Informativa sulla sostenibilità”,informativa-sostenibilita.pdf,https://www.unipol.it/content/dam/unipol/documents/italiano/privati/previdenza-e-risparmio/previdenza/fondo-pensione-aperto-bv/documentazione/c1-fpa-bv-ni-as-2026-07.pdf,https://www.unipol.it/fragments/dialogs/privati/previdenza-e-risparmio/previdenza/fondo-pensione-aperto-bv/documentazione,Sì,
bim-vita,supplemento,Nota informativa - Supplemento,supplemento.pdf,https://www.unipol.it/content/dam/unipol/documents/italiano/privati/previdenza-e-risparmio/previdenza/fondo-pensione-aperto-bv/documentazione/supplemento-fpa-bv-2026-07-v2.pdf,https://www.unipol.it/fragments/dialogs/privati/previdenza-e-risparmio/previdenza/fondo-pensione-aperto-bv/documentazione,Sì,
bim-vita,regolamento,Regolamento del fondo,regolamento.pdf,https://www.unipol.it/content/dam/unipol/documents/italiano/privati/previdenza-e-risparmio/previdenza/fondo-pensione-aperto-bv/documentazione/c2-c3-fpa-bv-reg-2026-07-v2.pdf,https://www.unipol.it/fragments/dialogs/privati/previdenza-e-risparmio/previdenza/fondo-pensione-aperto-bv/documentazione,Sì,
bim-vita,documento-rendite,Documento sull'erogazione delle rendite,documento-rendite.pdf,https://www.unipol.it/content/dam/unipol/documents/italiano/privati/previdenza-e-risparmio/previdenza/fondo-pensione-aperto-bv/documentazione/new.pdf,https://www.unipol.it/fragments/dialogs/privati/previdenza-e-risparmio/previdenza/fondo-pensione-aperto-bv/documentazione,Sì,
bim-vita,documento-anticipazioni,Documento sulle anticipazioni,documento-anticipazioni.pdf,https://www.unipol.it/content/dam/unipol/documents/italiano/privati/previdenza-e-risparmio/previdenza/fondo-pensione-aperto-bv/documentazione/c5-fpa-bv-docant-2026-07.pdf,https://www.unipol.it/fragments/dialogs/privati/previdenza-e-risparmio/previdenza/fondo-pensione-aperto-bv/documentazione,Sì,
bim-vita,documento-regime-fiscale,Documento sul regime fiscale,documento-regime-fiscale.pdf,https://www.unipol.it/content/dam/unipol/documents/italiano/privati/previdenza-e-risparmio/previdenza/fondo-pensione-aperto-bv/documentazione/c4-fpa-bv-regfisc-2026-07-v2.pdf,https://www.unipol.it/fragments/dialogs/privati/previdenza-e-risparmio/previdenza/fondo-pensione-aperto-bv/documentazione,Sì,
bim-vita,documento-politica-investimento,Documento sulla politica di investimento,documento-politica-investimento.pdf,https://www.unipol.it/content/dam/unipol/documents/italiano/privati/previdenza-e-risparmio/previdenza/fondo-pensione-aperto-bv/documentazione/c7-fpa-bv-dpi-2026-07.pdf,https://www.unipol.it/fragments/dialogs/privati/previdenza-e-risparmio/previdenza/fondo-pensione-aperto-bv/documentazione,Sì,
bim-vita,documento-sistema-governo,Documento sul sistema di Governo,documento-sistema-governo.pdf,https://www.unipol.it/content/dam/unipol/documents/italiano/privati/previdenza-e-risparmio/previdenza/fondo-pensione-aperto-bv/documentazione/dsg-fpa-bv-2026-07.pdf,https://www.unipol.it/fragments/dialogs/privati/previdenza-e-risparmio/previdenza/fondo-pensione-aperto-bv/documentazione,Sì,
bim-vita,rendiconto,Rendiconto 2025 FPA BIM Vita,rendiconto.pdf,https://www.unipol.it/content/dam/unipol/documents/fondi-pensioni-aperti/rendiconto-2025-fpa-bim-vita-v-sito.pdf,https://www.unipol.it/fragments/dialogs/privati/previdenza-e-risparmio/previdenza/fondo-pensione-aperto-bv/documentazione,Sì,
bim-vita,modulo-adesione,Fac Simile Modulo di Adesione,modulo-adesione.pdf,https://www.unipol.it/content/dam/unipol/documents/italiano/privati/previdenza-e-risparmio/previdenza/fondo-pensione-aperto-bv/documentazione/a3-bis-fpa-bv-madfs-2026-07.pdf,https://www.unipol.it/fragments/dialogs/privati/previdenza-e-risparmio/previdenza/fondo-pensione-aperto-bv/documentazione,Sì,
bim-vita,metodologia-proiezioni,Metodologia prestazioni pensionistiche,metodologia-proiezioni.pdf,https://www.unipol.it/content/dam/unipol/documents/italiano/privati/previdenza-e-risparmio/previdenza/fondo-pensione-aperto-bv/documentazione/mpp-fpa-bv-2026-07.pdf,https://www.unipol.it/fragments/dialogs/privati/previdenza-e-risparmio/previdenza/fondo-pensione-aperto-bv/documentazione,Sì,
bim-vita,altro,Informativa Nuove Prestazioni Pensionistiche Unipol Fondo Pensione Aperto FPA,altro.pdf,https://www.unipol.it/content/dam/unipol/documents/italiano/privati/previdenza-e-risparmio/previdenza/fondo-pensione-aperto-bv/documentazione/informativa-fpa-bv-29-06-2026-def.pdf,https://www.unipol.it/fragments/dialogs/privati/previdenza-e-risparmio/previdenza/fondo-pensione-aperto-bv/documentazione,Sì,
pensplan-profi,nota-informativa,Nota Informativa,nota-informativa.pdf,https://www.fondopensioneprofi.com/sites/default/files/materiali/documentazione/Offerta/NotaInformativa.pdf,https://www.fondopensioneprofi.com/documenti,Sì,
pensplan-profi,nota-informativa,"Parte I ""Le informazioni chiave per aderente""",nota-informativa-2.pdf,https://www.fondopensioneprofi.com/sites/default/files/materiali/documentazione/Offerta/InformazioniChiave.pdf,https://www.fondopensioneprofi.com/documenti,Sì,
pensplan-profi,nota-informativa,"Parte II ""Le informazioni integrative""",nota-informativa-3.pdf,https://www.fondopensioneprofi.com/sites/default/files/materiali/documentazione/Offerta/InformazioniIntegrative.pdf,https://www.fondopensioneprofi.com/documenti,Sì,
pensplan-profi,scheda-presentazione,"Scheda ""Presentazione""",scheda-presentazione.pdf,https://www.fondopensioneprofi.com/sites/default/files/materiali/documentazione/Offerta/Presentazione.pdf,https://www.fondopensioneprofi.com/documenti,Sì,
pensplan-profi,scheda-costi,"Scheda ""I Costi""",scheda-costi.pdf,https://www.fondopensioneprofi.com/sites/default/files/materiali/documentazione/Offerta/Icosti.pdf,https://www.fondopensioneprofi.com/documenti,Sì,
pensplan-profi,opzioni-investimento,"Scheda ""Le opzioni di investimento""",opzioni-investimento.pdf,https://www.fondopensioneprofi.com/sites/default/files/materiali/documentazione/Offerta/OpzioniInvestimento.pdf,https://www.fondopensioneprofi.com/documenti,Sì,
pensplan-profi,soggetti-coinvolti,"Scheda ""Le informazioni sui soggetti coinvolti""",soggetti-coinvolti.pdf,https://www.fondopensioneprofi.com/sites/default/files/materiali/documentazione/Offerta/SoggettiCoinvolti.pdf,https://www.fondopensioneprofi.com/documenti,Sì,
pensplan-profi,informativa-sostenibilita,"Appendice ""Informativa sulla sostenibilità""",informativa-sostenibilita.pdf,https://www.fondopensioneprofi.com/sites/default/files/materiali/documentazione/Offerta/InformativaSostenibilita.pdf,https://www.fondopensioneprofi.com/documenti,Sì,
pensplan-profi,informativa-sostenibilita,Informativa sulla sostenibilità - Ethical Life High Growth,informativa-sostenibilita-2.pdf,https://www.fondopensioneprofi.com/sites/default/files/materiali/documentazione/Offerta/HighGrowth_InfoSostenibilita.pdf,https://www.fondopensioneprofi.com/documenti,Sì,
pensplan-profi,informativa-sostenibilita,Informativa sulla sostenibilità - Ethical Life Growth,informativa-sostenibilita-3.pdf,https://www.fondopensioneprofi.com/sites/default/files/materiali/documentazione/Offerta/Growth_InfoSostenibilita.pdf,https://www.fondopensioneprofi.com/documenti,Sì,
pensplan-profi,informativa-sostenibilita,Informativa sulla sostenibilità - Ethical Life Balanced Growth,informativa-sostenibilita-4.pdf,https://www.fondopensioneprofi.com/sites/default/files/materiali/documentazione/Offerta/Balanced_InfoSostenibilita.pdf,https://www.fondopensioneprofi.com/documenti,Sì,
pensplan-profi,informativa-sostenibilita,Informativa sulla sostenibilità - Ethical Life Conservative,informativa-sostenibilita-5.pdf,https://www.fondopensioneprofi.com/sites/default/files/materiali/documentazione/Offerta/Conservative_InfoSostenibilita.pdf,https://www.fondopensioneprofi.com/documenti,Sì,
pensplan-profi,informativa-sostenibilita,Informativa sulla sostenibilità - Ethical Life Short Term,informativa-sostenibilita-6.pdf,https://www.fondopensioneprofi.com/sites/default/files/materiali/documentazione/Offerta/ShortTerm_InfoSostenibilita.pdf,https://www.fondopensioneprofi.com/documenti,Sì,
pensplan-profi,supplemento,"Supplemento alla Nota Informativa ""Le Prestazioni Pensionistiche""",supplemento.pdf,https://www.fondopensioneprofi.com/sites/default/files/materiali/documentazione/Offerta/Supplemento_PrestazioniPensionistiche.pdf,https://www.fondopensioneprofi.com/documenti,Sì,
pensplan-profi,regolamento,Regolamento,regolamento.pdf,https://www.fondopensioneprofi.com/sites/default/files/materiali/documentazione/Offerta/Regolamento.pdf,https://www.fondopensioneprofi.com/documenti,Sì,
pensplan-profi,documento-rendite,Documento sulle rendite,documento-rendite.pdf,https://www.fondopensioneprofi.com/sites/default/files/materiali/documentazione/Offerta/DocumentoRendite.pdf,https://www.fondopensioneprofi.com/documenti,Sì,
pensplan-profi,documento-anticipazioni,Documento sulle anticipazioni,documento-anticipazioni.pdf,https://www.fondopensioneprofi.com/sites/default/files/materiali/documentazione/Offerta/DocumentoAnticipazioni.pdf,https://www.fondopensioneprofi.com/documenti,Sì,
pensplan-profi,documento-anticipazioni,→ 4. Dichiarazione relativa al reintegro di anticipazioni,documento-anticipazioni-2.pdf,https://www.fondopensioneprofi.com/sites/default/files/materiali/documentazione/Iscritti/4_Dichiarazionerelativaalreintegrodianticipazioni.pdf,https://www.fondopensioneprofi.com/documenti,Sì,
pensplan-profi,documento-regime-fiscale,Documento sul Regime Fiscale,documento-regime-fiscale.pdf,https://www.fondopensioneprofi.com/sites/default/files/materiali/documentazione/Offerta/DocumentoRegimeFiscale.pdf,https://www.fondopensioneprofi.com/documenti,Sì,
pensplan-profi,documento-politica-investimento,Documento sulla politica di investimento,documento-politica-investimento.pdf,https://www.fondopensioneprofi.com/sites/default/files/materiali/documentazione/Offerta/DocumentoPoliticaInvestimento.pdf,https://www.fondopensioneprofi.com/documenti,Sì,
pensplan-profi,documento-sistema-governo,Documento sul sistema di governo,documento-sistema-governo.pdf,https://www.fondopensioneprofi.com/sites/default/files/materiali/documentazione/Offerta/Sistemadigovernosocietario.pdf,https://www.fondopensioneprofi.com/documenti,Sì,
pensplan-profi,rendiconto,Rendiconto Esercizio 2025,rendiconto.pdf,https://www.fondopensioneprofi.com/sites/default/files/materiali/documentazione/Contabile/RendicontoFondoProfi2025.pdf,https://www.fondopensioneprofi.com/documenti,Sì,
pensplan-profi,metodologia-proiezioni,Metodologia utilizzata per l'elaborazione delle proiezioni pensionistiche,metodologia-proiezioni.pdf,https://www.fondopensioneprofi.com/sites/default/files/materiali/documentazione/Offerta/Metodologiacalcoloprestazioni.pdf,https://www.fondopensioneprofi.com/documenti,Sì,
pensplan-profi,altro,Scheda collettività studenti universitari progetto UWelfare,altro.pdf,https://www.fondopensioneprofi.com/sites/default/files/materiali/documentazione/Offerta/Collettivita_UWelfare.pdf,https://www.fondopensioneprofi.com/documenti,Sì,
pensplan-profi,altro,Scheda collettività iscritti al Sindacato Italiano Militari,altro-2.pdf,https://www.fondopensioneprofi.com/sites/default/files/materiali/documentazione/Offerta/Collettivita_Iscritti_SIM.pdf,https://www.fondopensioneprofi.com/documenti,Sì,
pensplan-profi,altro,Scheda collettività iscritti all’ordine dei dottori commercialisti e degli esperti contabili di Trento e Rovereto,altro-3.pdf,https://www.fondopensioneprofi.com/sites/default/files/materiali/documentazione/Offerta/Collettivita_Commercialisti_TN_Rvrt.pdf,https://www.fondopensioneprofi.com/documenti,Sì,
pensplan-profi,altro,Scheda collettività assistiti Bauernbund (Legge Regionale 07/1992),altro-4.pdf,https://www.fondopensioneprofi.com/sites/default/files/materiali/documentazione/Offerta/Collettivita_Bauernbund.pdf,https://www.fondopensioneprofi.com/documenti,Sì,
raiffeisen,nota-informativa,Nota informativa - Parte 1 Informazione chiave per l'aderente,nota-informativa.pdf,https://www.raiffeisenpensionsfonds.it/fileadmin/RGO/Pensionsfonds/Allgemeine_Unterlagen/Adesione/1_Nota_informativa_-_Parte_1_Informazioni_chiave_per_aderente.pdf,https://www.raiffeisenpensionsfonds.it/it/il-raiffeisen-fondo-pensione/documentazione.html,Sì,
raiffeisen,nota-informativa,Nota informativa - documento integrale,nota-informativa-2.pdf,https://www.raiffeisenpensionsfonds.it/fileadmin/RGO/Pensionsfonds/Allgemeine_Unterlagen/IT/2.0_Nota_informativa_-_documento_integrale.pdf,https://www.raiffeisenpensionsfonds.it/it/il-raiffeisen-fondo-pensione/documentazione.html,Sì,
raiffeisen,nota-informativa,Parte 2 Informazioni integrative,nota-informativa-3.pdf,https://www.raiffeisenpensionsfonds.it/fileadmin/RGO/Pensionsfonds/Allgemeine_Unterlagen/IT/2.4_Nota_informativa_-_Parte_2_Informazioni_integrative.pdf,https://www.raiffeisenpensionsfonds.it/it/il-raiffeisen-fondo-pensione/documentazione.html,Sì,
raiffeisen,nota-informativa,Fac simile - Modulo di adesione,nota-informativa-4.pdf,https://www.raiffeisenpensionsfonds.it/fileadmin/RGO/Pensionsfonds/Allgemeine_Unterlagen/IT/2.8_Nota_informativa_-_Modulo_di_adesione.pdf,https://www.raiffeisenpensionsfonds.it/it/il-raiffeisen-fondo-pensione/documentazione.html,Sì,
raiffeisen,scheda-presentazione,Parte 1 Informazioni chiave per aderente - Scheda Presentazione,scheda-presentazione.pdf,https://www.raiffeisenpensionsfonds.it/fileadmin/RGO/Pensionsfonds/Allgemeine_Unterlagen/IT/2.2_Nota_informativa_-_Parte_1_Informazioni_chiave_per_aderente_-_Scheda_Presentazione_.pdf,https://www.raiffeisenpensionsfonds.it/it/il-raiffeisen-fondo-pensione/documentazione.html,Sì,
raiffeisen,scheda-costi,Parte 1 Informazioni chiave per aderente - Scheda I costi,scheda-costi.pdf,https://www.raiffeisenpensionsfonds.it/fileadmin/RGO/Pensionsfonds/Allgemeine_Unterlagen/IT/2.3_Nota_informativa_-_Parte_1_Informazioni_chiave_per_aderente_-_Scheda_I_costi.pdf,https://www.raiffeisenpensionsfonds.it/it/il-raiffeisen-fondo-pensione/documentazione.html,Sì,
raiffeisen,opzioni-investimento,Parte 2 Informazioni integrative - Scheda Le opzioni di investimento,opzioni-investimento.pdf,https://www.raiffeisenpensionsfonds.it/fileadmin/RGO/Pensionsfonds/Allgemeine_Unterlagen/IT/2.5_Nota_informativa_-_Parte_2_Informazioni_integrative_-_Scheda_Le_opzioni_di_investimento.pdf,https://www.raiffeisenpensionsfonds.it/it/il-raiffeisen-fondo-pensione/documentazione.html,Sì,
raiffeisen,soggetti-coinvolti,Parte 2 Informazioni integrative - Scheda Le informazioni sui soggetti coinvolti,soggetti-coinvolti.pdf,https://www.raiffeisenpensionsfonds.it/fileadmin/RGO/Pensionsfonds/Allgemeine_Unterlagen/IT/2.6_Nota_informativa_-_Parte_2_Informazioni_integrative_-_Scheda_Le_informazioni_sui_soggetti_coinvolti.pdf,https://www.raiffeisenpensionsfonds.it/it/il-raiffeisen-fondo-pensione/documentazione.html,Sì,
raiffeisen,informativa-sostenibilita,Nota informativa - Informativa sulla sostenibilitá,informativa-sostenibilita.pdf,https://www.raiffeisenpensionsfonds.it/fileadmin/RGO/Pensionsfonds/Allgemeine_Unterlagen/Adesione/2_Nota_informativa_-_Informativa_sulla_sostenibilita.pdf,https://www.raiffeisenpensionsfonds.it/it/il-raiffeisen-fondo-pensione/documentazione.html,Sì,
raiffeisen,supplemento,Supplemento Nota informativa,supplemento.pdf,https://www.raiffeisenpensionsfonds.it/fileadmin/RGO/Pensionsfonds/Allgemeine_Unterlagen/IT/Supplemento_Nota_informativa_prestazioni_pensionistiche_31.07.2026.pdf,https://www.raiffeisenpensionsfonds.it/it/il-raiffeisen-fondo-pensione/documentazione.html,Sì,
raiffeisen,regolamento,Regolamento,regolamento.pdf,https://www.raiffeisenpensionsfonds.it/fileadmin/RGO/Pensionsfonds/Allgemeine_Unterlagen/IT/1_Regolamento_Fondo_Pensione_Raiffeisen.pdf,https://www.raiffeisenpensionsfonds.it/it/il-raiffeisen-fondo-pensione/documentazione.html,Sì,
raiffeisen,documento-rendite,Documento sulle rendite,documento-rendite.pdf,https://www.raiffeisenpensionsfonds.it/fileadmin/RGO/Pensionsfonds/Allgemeine_Unterlagen/IT/5_Documento_sulle_rendite.pdf,https://www.raiffeisenpensionsfonds.it/it/il-raiffeisen-fondo-pensione/documentazione.html,Sì,
raiffeisen,documento-anticipazioni,Documento sulle anticipazioni,documento-anticipazioni.pdf,https://www.raiffeisenpensionsfonds.it/fileadmin/RGO/Pensionsfonds/Allgemeine_Unterlagen/IT/4_Documento_sulle_anticipazioni.pdf,https://www.raiffeisenpensionsfonds.it/it/il-raiffeisen-fondo-pensione/documentazione.html,Sì,
raiffeisen,documento-regime-fiscale,Documento sul regime fiscale,documento-regime-fiscale.pdf,https://www.raiffeisenpensionsfonds.it/fileadmin/RGO/Pensionsfonds/Allgemeine_Unterlagen/IT/3_Documento_sul_regime_fiscale.pdf,https://www.raiffeisenpensionsfonds.it/it/il-raiffeisen-fondo-pensione/documentazione.html,Sì,
raiffeisen,documento-politica-investimento,Documento sulla politica di investimento,documento-politica-investimento.pdf,https://www.raiffeisenpensionsfonds.it/fileadmin/RGO/Pensionsfonds/Allgemeine_Unterlagen/IT/8_Documento_sulla_politica_di_investimento.pdf,https://www.raiffeisenpensionsfonds.it/it/il-raiffeisen-fondo-pensione/documentazione.html,Sì,
raiffeisen,documento-sistema-governo,Documento sul sistema di governo,documento-sistema-governo.pdf,https://www.raiffeisenpensionsfonds.it/fileadmin/RGO/Pensionsfonds/Allgemeine_Unterlagen/IT/7_Documento_sul_sistema_di_governo.pdf,https://www.raiffeisenpensionsfonds.it/it/il-raiffeisen-fondo-pensione/documentazione.html,Sì,
raiffeisen,rendiconto,Rendiconto della gestione esercizio 2025,rendiconto.pdf,https://www.raiffeisenpensionsfonds.it/fileadmin/RGO/Pensionsfonds/Berichte/Rendiconto_della_gestione_esercizio_2025.pdf,https://www.raiffeisenpensionsfonds.it/it/il-raiffeisen-fondo-pensione/documentazione.html,Sì,
raiffeisen,metodologia-proiezioni,Metodologia calcolo proiezione rendita,metodologia-proiezioni.pdf,https://www.raiffeisenpensionsfonds.it/fileadmin/RGO/Pensionsfonds/Allgemeine_Unterlagen/IT/10_Metodologia_calcolo_proiezione_rendita.pdf,https://www.raiffeisenpensionsfonds.it/it/il-raiffeisen-fondo-pensione/documentazione.html,Sì,
raiffeisen,altro,Documento sulla RITA,altro.pdf,https://www.raiffeisenpensionsfonds.it/fileadmin/RGO/Pensionsfonds/Allgemeine_Unterlagen/IT/6_Documento_sulla_RITA.pdf,https://www.raiffeisenpensionsfonds.it/it/il-raiffeisen-fondo-pensione/documentazione.html,Sì,
raiffeisen,altro,Politica di impegno e Strategia di investimento,altro-2.pdf,https://www.raiffeisenpensionsfonds.it/fileadmin/RGO/Pensionsfonds/Allgemeine_Unterlagen/IT/9_Politica_di_impegno_e_Strategia_di_investimento.pdf,https://www.raiffeisenpensionsfonds.it/it/il-raiffeisen-fondo-pensione/documentazione.html,Sì,
il-melograno,nota-fondo,"Il sito di Assimoco (assimoco.it) non ha risposto alle richieste da questo ambiente (connessione scaduta, 9/10/2026): documenti da recuperare in un secondo momento.",,,,,
ubi-previdenza,nota-informativa,Nota Informativa (versione integrale),nota-informativa.pdf,https://www.intesasanpaoloassicurazioni.com/bin/openAssetInline?path=/content/dam/isp_assicurazioni/products/regolamento-e-nota-informativa/011/UBIPrev_NotaInformativa_03_2026_UA.pdf,,Sì,
ubi-previdenza,scheda-costi,Scheda I Costi,scheda-costi.pdf,https://www.intesasanpaoloassicurazioni.com/bin/openAssetInline?path=/content/dam/isp_assicurazioni/products/regolamento-e-nota-informativa/011/UBIPrev_Scheda_I_Costi_03_2026_UA.pdf,,Sì,
ubi-previdenza,supplemento,Supplemento alla Nota Informativa,supplemento.pdf,https://www.intesasanpaoloassicurazioni.com/bin/openAssetInline?path=/content/dam/isp_assicurazioni/products/regolamento-e-nota-informativa/011/UBIPrev_Supplemento_NI_07_2026.pdf,,Sì,
ubi-previdenza,regolamento,Regolamento,regolamento.pdf,https://www.intesasanpaoloassicurazioni.com/bin/openAssetInline?path=/content/dam/isp_assicurazioni/products/regolamento-e-nota-informativa/011/UBI_PREV_Regolamento_07_2026.pdf,,Sì,
ubi-previdenza,documento-rendite,Documento sulle rendite,documento-rendite.pdf,https://www.intesasanpaoloassicurazioni.com/bin/openAssetInline?path=/content/dam/isp_assicurazioni/products/regolamento-e-nota-informativa/011-1/UBIPREV_Documento%20sulle%20rendite.07_2026.pdf,,Sì,
ubi-previdenza,documento-anticipazioni,Documento sulle anticipazioni,documento-anticipazioni.pdf,https://www.intesasanpaoloassicurazioni.com/bin/openAssetInline?path=/content/dam/isp_assicurazioni/products/regolamento-e-nota-informativa/011/Documento%20sulle%20anticipazioni_12_2024_UA.pdf,,Sì,
ubi-previdenza,documento-regime-fiscale,Documento sul regime fiscale,documento-regime-fiscale.pdf,https://www.intesasanpaoloassicurazioni.com/bin/openAssetInline?path=/content/dam/isp_assicurazioni/products/regolamento-e-nota-informativa/Documento_regime_fiscale_07_2026.pdf,,Sì,
ubi-previdenza,documento-politica-investimento,Politica di Investimento,documento-politica-investimento.pdf,https://www.intesasanpaoloassicurazioni.com/bin/openAssetInline?path=/content/dam/isp_assicurazioni/products/altro/011-1/Politica%20di%20investimento.pdf,,Sì,
ubi-previdenza,documento-sistema-governo,Documento sul sistema di governo societario,documento-sistema-governo.pdf,https://www.intesasanpaoloassicurazioni.com/bin/openAssetInline?path=/content/dam/isp_assicurazioni/products/altro/011/ISPA_PGG005%202026%20Direttive%20Governo%20Societario_acc%202.pdf,,Sì,
ubi-previdenza,metodologia-proiezioni,Disposizioni sulle proiezioni pensionistiche,metodologia-proiezioni.pdf,https://www.intesasanpaoloassicurazioni.com/bin/openAssetInline?path=/content/dam/isp_assicurazioni/products/altro/011/Documento%20sulle%20proiezioni%20pensionistiche_03_2026_UA.pdf,,Sì,
ubi-previdenza,altro,Politica di impegno e accordi con i gestori di attivi,altro.pdf,https://www.intesasanpaoloassicurazioni.com/bin/openAssetInline?path=/content/dam/isp_assicurazioni/products/politica-di-impegno/011-1/Politica%20di%20impegno%20e%20accordi%20con%20i%20gestori%20di%20attivi.pdf,,Sì,
soluzione-previdente,nota-informativa,"Parte I ""Le informazioni chiave per l'Aderente""",nota-informativa.pdf,https://www.helvetia.com/content/dam/os/it/web/it/prodotti-e-servizi/prodotti_dedicati_alla_previdenza_complementare/fpa_soluzione_previdente/2026/PI_FPASolPrev.pdf,,Sì,
soluzione-previdente,nota-informativa,"Parte II ""Le informazioni integrative""",nota-informativa-2.pdf,https://www.helvetia.com/content/dam/os/it/web/it/prodotti-e-servizi/prodotti_dedicati_alla_previdenza_complementare/previdenza-complementare/fpa-soluzione-previdente/2026/PII_FPASolPrev.pdf,,Sì,
soluzione-previdente,nota-informativa,Nota Informativa Completa,nota-informativa-3.pdf,https://www.helvetia.com/content/dam/os/it/web/it/prodotti-e-servizi/prodotti_dedicati_alla_previdenza_complementare/previdenza-complementare/fpa-soluzione-previdente/2026/NotaInfo_FPASolPrevCompleta.pdf,,Sì,
soluzione-previdente,scheda-costi,"Scheda ""I Costi""",scheda-costi.pdf,https://www.helvetia.com/content/dam/os/it/web/it/prodotti-e-servizi/prodotti_dedicati_alla_previdenza_complementare/fpa_soluzione_previdente/2026/SchedaICosti_FPASolPrev.pdf,,Sì,
soluzione-previdente,informativa-sostenibilita,"Appendice ""Informativa sulla sostenibilità""",informativa-sostenibilita.pdf,https://www.helvetia.com/content/dam/os/it/web/it/prodotti-e-servizi/prodotti_dedicati_alla_previdenza_complementare/fpa_soluzione_previdente/2026/AppSost_FPASolPrev.pdf,,Sì,
soluzione-previdente,supplemento,Supplemento alla Nota Informativa,supplemento.pdf,https://www.helvetia.com/content/dam/os/it/web/it/prodotti-e-servizi/prodotti_dedicati_alla_previdenza_complementare/fpa_soluzione_previdente/2026/202607/Supplemento%20NotaInfo_FPASolPrev.pdf,,Sì,
soluzione-previdente,regolamento,Regolamento,regolamento.pdf,https://www.helvetia.com/content/dam/os/it/web/it/prodotti-e-servizi/prodotti_dedicati_alla_previdenza_complementare/fpa_soluzione_previdente/2026/202607/Regolamento_FPASolPrev_072026.pdf,,Sì,
soluzione-previdente,documento-rendite,Documento sulla rendita integrativa temporanea anticipata (RITA),documento-rendite.pdf,https://www.helvetia.com/content/dam/os/it/web/it/prodotti-e-servizi/prodotti_dedicati_alla_previdenza_complementare/previdenza-complementare/fpa-soluzione-previdente/aggiornamento_01_04_22/DocumentoRITA.pdf,,Sì,
soluzione-previdente,documento-rendite,Documento sulle Rendite,documento-rendite-2.pdf,https://www.helvetia.com/content/dam/os/it/web/it/prodotti-e-servizi/prodotti_dedicati_alla_previdenza_complementare/fpa_soluzione_previdente/2026/202607/Doc_Rendite_FPA%20Soluzione%20Previdente_07_2026.pdf,,Sì,
soluzione-previdente,documento-anticipazioni,Documento sulle Anticipazioni,documento-anticipazioni.pdf,https://www.helvetia.com/content/dam/os/it/web/it/prodotti-e-servizi/prodotti_dedicati_alla_previdenza_complementare/fpa_soluzione_previdente/2026/202607/Doc_Anticipaz_SolPrev.pdf,,Sì,
soluzione-previdente,documento-regime-fiscale,Documento sul Regime Fiscale,documento-regime-fiscale.pdf,https://www.helvetia.com/content/dam/os/it/web/it/prodotti-e-servizi/prodotti_dedicati_alla_previdenza_complementare/fpa_soluzione_previdente/2026/202607/DocRegimeFiscale_SolPrev_07_2026.pdf,,Sì,
soluzione-previdente,documento-regime-fiscale,Dichiarazione deduzione contributi Sogg. Fiscalmente a carico,documento-regime-fiscale-2.pdf,https://www.helvetia.com/content/dam/os/it/web/it/prodotti-e-servizi/prodotti_dedicati_alla_previdenza_complementare/previdenza-complementare/fpa-soluzione-previdente/102022/FPA_DichiarazioneDeduzioneContributi_Fiscalmente.pdf,,Sì,
soluzione-previdente,documento-politica-investimento,Documento sulla Politica di investimento,documento-politica-investimento.pdf,https://www.helvetia.com/content/dam/os/it/web/it/prodotti-e-servizi/prodotti_dedicati_alla_previdenza_complementare/fpa_soluzione_previdente/Politica_investimento_FPA.pdf,,Sì,
soluzione-previdente,documento-sistema-governo,Documento sul sistema di Governo,documento-sistema-governo.pdf,https://www.helvetia.com/content/dam/os/it/web/it/prodotti-e-servizi/prodotti_dedicati_alla_previdenza_complementare/previdenza-complementare/fpa-soluzione-previdente/aggiornamento_01_04_22/GovernanceFPA_SolPrev_2021.pdf,,Sì,
soluzione-previdente,rendiconto,Rendiconto del Fondo e Certificazione dei Revisori anno 2025,rendiconto.pdf,https://www.helvetia.com/content/dam/os/it/web/it/prodotti-e-servizi/prodotti_dedicati_alla_previdenza_complementare/fpa_soluzione_previdente/2026/Rendiconto_Certificaz_FPA_2025.pdf,,Sì,
soluzione-previdente,modulo-adesione,Modulo di adesione,modulo-adesione.pdf,https://www.helvetia.com/content/dam/os/it/web/it/prodotti-e-servizi/prodotti_dedicati_alla_previdenza_complementare/fpa_soluzione_previdente/2026/Mod_Adesione_SolPrev_Completo.pdf,,Sì,
soluzione-previdente,modulo-adesione,Modulo di adesione per il Gruppo CRASTI,modulo-adesione-2.pdf,https://www.helvetia.com/content/dam/os/it/web/it/prodotti-e-servizi/prodotti_dedicati_alla_previdenza_complementare/fpa_soluzione_previdente/2026/Mod_Adesione_SolPrev%20_CRAsti.pdf,,Sì,
soluzione-previdente,altro,Politica di impegno,altro.pdf,https://www.helvetia.com/content/dam/os/it/web/it/prodotti-e-servizi/prodotti_dedicati_alla_previdenza_complementare/previdenza-complementare/fpa-soluzione-previdente/SOLUZIONEPREVIDENTEDOCUMENTOPOLITICADI%20IMPEGNO26022021.pdf,,Sì,
soluzione-previdente,altro,strategia di investimento azionario del Fondo Pensione,altro-2.pdf,https://www.helvetia.com/content/dam/os/it/web/it/prodotti-e-servizi/prodotti_dedicati_alla_previdenza_complementare/previdenza-complementare/fpa-soluzione-previdente/politica-impegno/FPA_STRATEGIA_INVESTIMENTO2026.pdf,,Sì,
soluzione-previdente,altro,attuazione della Politica di impegno 2025,altro-3.pdf,https://www.helvetia.com/content/dam/os/it/web/it/prodotti-e-servizi/prodotti_dedicati_alla_previdenza_complementare/previdenza-complementare/fpa-soluzione-previdente/politica-impegno/FPA_ATTUAZIONE_POLITICA_IMPEGNO2025.pdf,,Sì,
bap-pensione-2007,nota-informativa,Nota Informativa (versione integrale),nota-informativa.pdf,https://www.intesasanpaoloassicurazioni.com/bin/openAssetInline?path=/content/dam/isp_assicurazioni/products/regolamento-e-nota-informativa/012/BAPPen_NotaInformativa_03_2026.pdf,,Sì,
bap-pensione-2007,scheda-costi,Scheda I Costi,scheda-costi.pdf,https://www.intesasanpaoloassicurazioni.com/bin/openAssetInline?path=/content/dam/isp_assicurazioni/products/regolamento-e-nota-informativa/012/BAPPen_Scheda_I_Costi_03_2026.pdf,,Sì,
bap-pensione-2007,scheda-costi,Scheda I Costi - Classe A,scheda-costi-2.pdf,https://www.intesasanpaoloassicurazioni.com/bin/openAssetInline?path=/content/dam/isp_assicurazioni/products/regolamento-e-nota-informativa/012/BAPPen_Scheda_I_Costi_ClasseA_03_2026.pdf,,Sì,
bap-pensione-2007,scheda-costi,Scheda I Costi - Fascia Collettiva,scheda-costi-3.pdf,https://www.intesasanpaoloassicurazioni.com/bin/openAssetInline?path=/content/dam/isp_assicurazioni/products/regolamento-e-nota-informativa/012/BAPPen_Scheda_I_Costi_Collettive_03_2026.pdf,,Sì,
bap-pensione-2007,supplemento,Supplemento alla Nota Informativa,supplemento.pdf,https://www.intesasanpaoloassicurazioni.com/bin/openAssetInline?path=/content/dam/isp_assicurazioni/products/regolamento-e-nota-informativa/012/BAPPens_Supplemento_NI_07_2026.pdf,,Sì,
bap-pensione-2007,regolamento,Regolamento,regolamento.pdf,https://www.intesasanpaoloassicurazioni.com/bin/openAssetInline?path=/content/dam/isp_assicurazioni/products/regolamento-e-nota-informativa/012/BPAPensione2007_Regolamento_07_2026.pdf,,Sì,
bap-pensione-2007,documento-rendite,Documento sulle rendite,documento-rendite.pdf,https://www.intesasanpaoloassicurazioni.com/bin/openAssetInline?path=/content/dam/isp_assicurazioni/products/regolamento-e-nota-informativa/012/BAPPENS_Documento%20sulle%20rendite_07_2026.pdf,,Sì,
bap-pensione-2007,documento-anticipazioni,Documento sulle anticipazioni,documento-anticipazioni.pdf,https://www.intesasanpaoloassicurazioni.com/bin/openAssetInline?path=/content/dam/isp_assicurazioni/products/regolamento-e-nota-informativa/012/Documento%20sulle%20anticipazioni_12_2024_UA.pdf,,Sì,
bap-pensione-2007,documento-regime-fiscale,Documento sul regime fiscale,documento-regime-fiscale.pdf,https://www.intesasanpaoloassicurazioni.com/bin/openAssetInline?path=/content/dam/isp_assicurazioni/products/regolamento-e-nota-informativa/Documento_regime_fiscale_07_2026.pdf,,Sì,
bap-pensione-2007,documento-politica-investimento,Politica di Investimento,documento-politica-investimento.pdf,https://www.intesasanpaoloassicurazioni.com/bin/openAssetInline?path=/content/dam/isp_assicurazioni/products/altro/012/Politica%20di%20investimento.pdf,,Sì,
bap-pensione-2007,documento-sistema-governo,Documento sul sistema di governo,documento-sistema-governo.pdf,https://www.intesasanpaoloassicurazioni.com/bin/openAssetInline?path=/content/dam/isp_assicurazioni/products/altro/012/ISPA_PGG005%202026%20Direttive%20Governo%20Societario_acc%202.pdf,,Sì,
bap-pensione-2007,metodologia-proiezioni,Disposizioni sulle proiezioni pensionistiche,metodologia-proiezioni.pdf,https://www.intesasanpaoloassicurazioni.com/bin/openAssetInline?path=/content/dam/isp_assicurazioni/products/altro/012/Documento%20sulle%20proiezioni%20pensionistiche_03_2026_UA.pdf,,Sì,
bap-pensione-2007,altro,Politica di impegno,altro.pdf,https://www.intesasanpaoloassicurazioni.com/bin/openAssetInline?path=/content/dam/isp_assicurazioni/products/politica-di-impegno/012/Politica%20di%20impegno.pdf,,Sì,
core-pension,nota-informativa,2026-07-31 Nota Informativa,nota-informativa.pdf,https://www.corepension.it/files/nuxeo/dl/40c6a115-ac1f-4b39-8912-7a3d07d761b4?inline=,https://www.corepension.it/regolamento-e-nota-informativa,Sì,
core-pension,scheda-costi,"2026-07-31 Parte I - Scheda ""I costi""",scheda-costi.pdf,https://www.corepension.it/files/nuxeo/dl/eadd0903-b773-453f-8461-1f35fda500ca?inline=,https://www.corepension.it/regolamento-e-nota-informativa,Sì,
core-pension,opzioni-investimento,"2026-07-31 Parte II - Scheda ""Le opzioni di investimento""",opzioni-investimento.pdf,https://www.corepension.it/files/nuxeo/dl/17239d5a-f314-4cda-93ec-59694f9a92e4?inline=,https://www.corepension.it/regolamento-e-nota-informativa,Sì,
core-pension,soggetti-coinvolti,"2026-07-31 Parte II - Scheda ""Le informazioni sui soggetti coinvolti""",soggetti-coinvolti.pdf,https://www.corepension.it/files/nuxeo/dl/3059afe9-8590-4ba4-bf64-7c7efbf43cac?inline=,https://www.corepension.it/regolamento-e-nota-informativa,Sì,
core-pension,informativa-sostenibilita,2026-07-31 Appendice - Informativa sulla sostenibilità,informativa-sostenibilita.pdf,https://www.corepension.it/files/nuxeo/dl/060f520f-0aa7-48f6-9cc5-399dc6ec634c?inline=,https://www.corepension.it/regolamento-e-nota-informativa,Sì,
core-pension,supplemento,2026-07-31 Supplemento alla nota informativa,supplemento.pdf,https://www.corepension.it/files/nuxeo/dl/7b95edc1-6995-47a6-b4f8-10b1757f8ed0?inline=,https://www.corepension.it/regolamento-e-nota-informativa,Sì,
core-pension,regolamento,2026-07-31 Regolamento,regolamento.pdf,https://www.corepension.it/files/nuxeo/dl/c91fa8c0-ec35-4ce7-927a-e6b41792f9f9?inline=,https://www.corepension.it/regolamento-e-nota-informativa,Sì,
core-pension,regolamento,2026-07-31 Allegato n.1 del Regolamento - Disposizioni in materia di responsabile,regolamento-2.pdf,https://www.corepension.it/files/nuxeo/dl/2f1ecc02-8a4c-4c4f-b180-45bfd76135c8?inline=,https://www.corepension.it/regolamento-e-nota-informativa,Sì,
core-pension,documento-rendite,2026-07-31 Documento sulle rendite,documento-rendite.pdf,https://www.corepension.it/files/nuxeo/dl/ac831586-15a0-4a89-b50d-36fb10459175?inline=,https://www.corepension.it/regolamento-e-nota-informativa,Sì,
core-pension,documento-anticipazioni,2026-07-31 Documento sulle Anticipazioni,documento-anticipazioni.pdf,https://www.corepension.it/files/nuxeo/dl/93849f8a-7376-42dc-89f4-7cfdccee3f56?inline=,https://www.corepension.it/regolamento-e-nota-informativa,Sì,
core-pension,documento-regime-fiscale,2026-07-31 Documento sul Regime Fiscale,documento-regime-fiscale.pdf,https://www.corepension.it/files/nuxeo/dl/fc22ad84-db22-4167-add6-59b0d375ba2d?inline=,https://www.corepension.it/regolamento-e-nota-informativa,Sì,
core-pension,documento-politica-investimento,2026-03-04 Documento sulla politica di investimento,documento-politica-investimento.pdf,https://www.corepension.it/files/nuxeo/dl/0bf71b01-71cc-4fcc-8e87-a28b5776a46e?inline=,https://www.corepension.it/politica-di-impegno-e-documento-sulla-politica-di-investimento,Sì,
core-pension,documento-sistema-governo,2026-02-27 Documento sul Sistema di Governo Societario,documento-sistema-governo.pdf,https://www.corepension.it/files/nuxeo/dl/1461d2d3-dda3-4bbf-b797-21fa7c02ad53?inline=,https://www.corepension.it/documento-sul-sistema-di-governo,Sì,
core-pension,modulo-adesione,2026-03-31 Modulo di adesione a Core Pension Fondo Pensione Aperto,modulo-adesione.pdf,https://www.corepension.it/files/nuxeo/dl/40bd5c6d-c3aa-4876-becf-33dea8fac9ed?inline=,https://www.corepension.it/modulistica,Sì,
core-pension,modulo-adesione,2026-06-29 Informativa non idoneità Core Pension FPA alla raccolta adesioni automatiche 1 luglio 2026,modulo-adesione-2.pdf,https://www.corepension.it/files/nuxeo/dl/68a4ccd1-81c5-4985-a6bb-39faad42cd22?inline=,https://www.corepension.it/informative-01072026,Sì,
core-pension,altro,2026-07-02 Informativa nuove prestazioni pensionistiche - Deliberazione COVIP 25 giugno 2026,altro.pdf,https://www.corepension.it/files/nuxeo/dl/fe779a6d-4c8a-41ff-bbf4-3ded113d89d9?inline=,https://www.corepension.it/informative-01072026,Sì,
azimut-sustainable-future,nota-informativa,2026.04 AZIMUT PREVIDENZA - NOTA INFORMATIVA - COMPLETA,nota-informativa.pdf,https://www.azimut.it/archives/2026-04-azimut-previdenza-nota-informativa-completa,https://www.azimut.it/prodotti-previdenziali/azimut-sustainable-future,No,
azimut-sustainable-future,scheda-presentazione,2026.04 AZIMUT PREVIDENZA - NOTA INFORMATIVA - Parte I Scheda Presentazione,scheda-presentazione.pdf,https://www.azimut.it/archives/2026-04-azimut-previdenza-nota-informativa-parte-i-scheda-presentazione,https://www.azimut.it/prodotti-previdenziali/azimut-sustainable-future,No,
azimut-sustainable-future,scheda-costi,2026.04 AZIMUT PREVIDENZA - NOTA INFORMATIVA - Parte I Scheda I Costi - adesione individuale,scheda-costi.pdf,https://www.azimut.it/archives/2026-04-azimut-previdenza-nota-informativa-parte-i-scheda-i-costi-adesione-individuale,https://www.azimut.it/prodotti-previdenziali/azimut-sustainable-future,No,
azimut-sustainable-future,scheda-costi,2026.04 AZIMUT PREVIDENZA - NOTA INFORMATIVA - Parte I Scheda I Costi - adesione collettiva,scheda-costi-2.pdf,https://www.azimut.it/archives/2026-04-azimut-previdenza-nota-informativa-parte-i-scheda-i-costi-adesione-collettiva,https://www.azimut.it/prodotti-previdenziali/azimut-sustainable-future,No,
azimut-sustainable-future,opzioni-investimento,2026.04 AZIMUT PREVIDENZA - NOTA INFORMATIVA - Parte II Scheda Le Opzioni di Investimento,opzioni-investimento.pdf,https://www.azimut.it/archives/2026-04-azimut-previdenza-nota-informativa-parte-ii-scheda-le-opzioni-di-investimento,https://www.azimut.it/prodotti-previdenziali/azimut-sustainable-future,No,
azimut-sustainable-future,soggetti-coinvolti,2026.04 AZIMUT PREVIDENZA - NOTA INFORMATIVA - Parte II Scheda Le Informazioni sui Soggetti Coinvolti,soggetti-coinvolti.pdf,https://www.azimut.it/archives/2026-04-azimut-previdenza-nota-informativa-parte-ii-scheda-le-informazioni-sui-soggetti-coinvolti,https://www.azimut.it/prodotti-previdenziali/azimut-sustainable-future,No,
azimut-sustainable-future,informativa-sostenibilita,2026.04 AZIMUT PREVIDENZA - NOTA INFORMATIVA - Appendice Sostenibilità,informativa-sostenibilita.pdf,https://www.azimut.it/archives/2026-04-azimut-previdenza-nota-informativa-appendice-sostenibilita,https://www.azimut.it/prodotti-previdenziali/azimut-sustainable-future,No,
azimut-sustainable-future,supplemento,2026.07 AZIMUT PREVIDENZA - NOTA INFORMATIVA - Supplemento,supplemento.pdf,https://www.azimut.it/archives/2026-07-azimut-previdenza-nota-informativa-supplemento,https://www.azimut.it/prodotti-previdenziali/azimut-sustainable-future,No,
azimut-sustainable-future,regolamento,2025.07 AZIMUT PREVIDENZA - REGOLAMENTO,regolamento.pdf,https://www.azimut.it/archives/azimut-previdenza-regolamento-di-gestione,https://www.azimut.it/prodotti-previdenziali/azimut-sustainable-future,No,
azimut-sustainable-future,documento-rendite,Azimut Previdenza - Documento sulle rendite valido dal 01-01-2025 (aggiornamento 31.7.26),documento-rendite.pdf,https://www.azimut.it/archives/azimut-previdenza-documento-sulle-rendite-valido-dal-01-01-2025,https://www.azimut.it/prodotti-previdenziali/azimut-sustainable-future,No,
azimut-sustainable-future,documento-anticipazioni,Documento sulle anticipazioni,documento-anticipazioni.pdf,https://www.azimut.it/archives/documento-sulle-anticipazioni,https://www.azimut.it/prodotti-previdenziali/azimut-sustainable-future,No,
azimut-sustainable-future,documento-regime-fiscale,Documento sul regime fiscale,documento-regime-fiscale.pdf,https://www.azimut.it/archives/documento-sul-regime-fiscale,https://www.azimut.it/prodotti-previdenziali/azimut-sustainable-future,No,
azimut-sustainable-future,documento-politica-investimento,2025.10 Azimut Previdenza - Documento sulla Politica di Investimento,documento-politica-investimento.pdf,https://www.azimut.it/archives/azimut-previdenza-documento-sulla-politica-di-investimento,https://www.azimut.it/prodotti-previdenziali/azimut-sustainable-future,No,
azimut-sustainable-future,documento-sistema-governo,DOCUMENTO SUL SISTEMA DI GOVERNO SOCIETARIO AFFERENTE ALLA GESTIONE DEI FONDI PENSIONE APERTI,documento-sistema-governo.pdf,https://www.azimut.it/archives/documento-sul-sistema-di-governo-societario-afferente-alla-gestione-dei-fondi-pensione-aperti,https://www.azimut.it/prodotti-previdenziali/azimut-sustainable-future,No,
azimut-sustainable-future,rendiconto,Azimut Previdenza - Rendiconto 2025,rendiconto.pdf,https://www.azimut.it/archives/azimut-previdenza-rendiconto-2025,https://www.azimut.it/prodotti-previdenziali/azimut-sustainable-future,No,
azimut-sustainable-future,modulo-adesione,AZIMUT PREVIDENZA - MODULO ADESIONE - FACSIMILE,modulo-adesione.pdf,https://www.azimut.it/archives/azimut-previdenza-modulo-adesione-facsimile,https://www.azimut.it/prodotti-previdenziali/azimut-sustainable-future,No,
azimut-sustainable-future,metodologia-proiezioni,Metodologia di calcolo per l’elaborazione delle prestazioni pensionistiche,metodologia-proiezioni.pdf,https://www.azimut.it/archives/metodologia-di-calcolo-per-l-elaborazione-delle-prestazioni-pensionistiche,https://www.azimut.it/prodotti-previdenziali/azimut-sustainable-future,No,
azimut-sustainable-future,altro,Azimut Previdenza - Informativa su Nuove Prestazioni,altro.pdf,https://www.azimut.it/archives/azimut-previdenza-informativa-su-nuove-prestazioni,https://www.azimut.it/prodotti-previdenziali/azimut-sustainable-future,No,
azimut-sustainable-future,altro,"Informativa sulle modalità di attuazione della Politica di impegno ai sensi dell'art. 124 quinquies, comma 2, del Testo unico della Finanza",altro-2.pdf,https://www.azimut.it/archives/informativa-politica-impegno-febbraio-2025,https://www.azimut.it/prodotti-previdenziali/azimut-sustainable-future,No,
azimut-sustainable-future,altro,"Informativa sulle modalità di attuazione della Politica di impegno ai sensi dell'art. 124 quinquies, comma 2, del Testo unico della Finanza",altro-3.pdf,https://www.azimut.it/archives/informativa-politica-impegno-febbraio-2026,https://www.azimut.it/prodotti-previdenziali/azimut-sustainable-future,No,
azimut-sustainable-future,altro,Politica di impegno,altro-4.pdf,https://www.azimut.it/archives/politica-di-impegno,https://www.azimut.it/prodotti-previdenziali/azimut-sustainable-future,No,
azimut-sustainable-future,nota-fondo,La pagina di Azimut Sustainable Future su azimut.it pubblica gli stessi documenti di Azimut Previdenza (stessi file): da verificare con il gestore. L'URL azimutwm.it dell'elenco non esiste più.,,,,,
